--
-- PostgreSQL database dump
--

-- Dumped from database version 13.18 (Debian 13.18-1.pgdg120+1)
-- Dumped by pg_dump version 13.20

-- Started on 2025-09-07 18:18:14 UTC

SET statement_timeout = 0;
SET lock_timeout = 0;
SET idle_in_transaction_session_timeout = 0;
SET client_encoding = 'UTF8';
SET standard_conforming_strings = on;
SELECT pg_catalog.set_config('search_path', '', false);
SET check_function_bodies = false;
SET xmloption = content;
SET client_min_messages = warning;
SET row_security = off;

SET default_tablespace = '';

SET default_table_access_method = heap;

--
-- TOC entry 201 (class 1259 OID 34112)
-- Name: classes; Type: TABLE; Schema: public; Owner: postgres
--

CREATE TABLE public.classes (
    id uuid NOT NULL,
    name character varying(100),
    semester_subject_id uuid NOT NULL
);


ALTER TABLE public.classes OWNER TO postgres;

--
-- TOC entry 200 (class 1259 OID 34102)
-- Name: flyway_schema_history; Type: TABLE; Schema: public; Owner: postgres
--

CREATE TABLE public.flyway_schema_history (
    installed_rank integer NOT NULL,
    version character varying(50),
    description character varying(200) NOT NULL,
    type character varying(20) NOT NULL,
    script character varying(1000) NOT NULL,
    checksum integer,
    installed_by character varying(100) NOT NULL,
    installed_on timestamp without time zone DEFAULT now() NOT NULL,
    execution_time integer NOT NULL,
    success boolean NOT NULL
);


ALTER TABLE public.flyway_schema_history OWNER TO postgres;

--
-- TOC entry 202 (class 1259 OID 34117)
-- Name: grades; Type: TABLE; Schema: public; Owner: postgres
--

CREATE TABLE public.grades (
    id uuid NOT NULL,
    comment character varying(255),
    value numeric(5,2) NOT NULL,
    weight numeric(5,2) NOT NULL,
    student_id uuid NOT NULL,
    test_id uuid
);


ALTER TABLE public.grades OWNER TO postgres;

--
-- TOC entry 203 (class 1259 OID 34122)
-- Name: semester_subjects; Type: TABLE; Schema: public; Owner: postgres
--

CREATE TABLE public.semester_subjects (
    id uuid NOT NULL,
    semester_id uuid NOT NULL,
    subject_id uuid NOT NULL
);


ALTER TABLE public.semester_subjects OWNER TO postgres;

--
-- TOC entry 204 (class 1259 OID 34127)
-- Name: semesters; Type: TABLE; Schema: public; Owner: postgres
--

CREATE TABLE public.semesters (
    id uuid NOT NULL,
    end_date date NOT NULL,
    name character varying(255) NOT NULL,
    start_date date NOT NULL
);


ALTER TABLE public.semesters OWNER TO postgres;

--
-- TOC entry 205 (class 1259 OID 34132)
-- Name: subjects; Type: TABLE; Schema: public; Owner: postgres
--

CREATE TABLE public.subjects (
    id uuid NOT NULL,
    name character varying(255) NOT NULL
);


ALTER TABLE public.subjects OWNER TO postgres;

--
-- TOC entry 206 (class 1259 OID 34137)
-- Name: tests; Type: TABLE; Schema: public; Owner: postgres
--

CREATE TABLE public.tests (
    id uuid NOT NULL,
    comment character varying(1000),
    date date NOT NULL,
    name character varying(255) NOT NULL,
    class_id uuid NOT NULL,
    semester_subject_id uuid NOT NULL
);


ALTER TABLE public.tests OWNER TO postgres;

--
-- TOC entry 207 (class 1259 OID 34145)
-- Name: user_roles; Type: TABLE; Schema: public; Owner: postgres
--

CREATE TABLE public.user_roles (
    user_id uuid NOT NULL,
    role character varying(255)
);


ALTER TABLE public.user_roles OWNER TO postgres;

--
-- TOC entry 208 (class 1259 OID 34148)
-- Name: users; Type: TABLE; Schema: public; Owner: postgres
--

CREATE TABLE public.users (
    id uuid NOT NULL,
    active boolean,
    created_at timestamp(6) without time zone,
    date_of_birth date,
    email character varying(255),
    first_name character varying(255),
    last_name character varying(255),
    password character varying(255) NOT NULL,
    updated_at timestamp(6) without time zone,
    username character varying(255) NOT NULL
);


ALTER TABLE public.users OWNER TO postgres;

--
-- TOC entry 3076 (class 0 OID 34112)
-- Dependencies: 201
-- Data for Name: classes; Type: TABLE DATA; Schema: public; Owner: postgres
--

COPY public.classes (id, name, semester_subject_id) FROM stdin;
c608bdf1-657f-4cd7-afa8-fab2e7f57a38	SEM-1-2025 - Mathematics	51807dae-58ed-451f-8f01-44a35e46452e
9524775b-bb99-428e-8ebb-ea453eafca77	SEM-1-2025 - Physics	d0db3833-0785-4412-972d-4099374f908f
23b64656-8da3-4bb1-8e70-f0ea4e67016c	SEM-1-2025 - Chemistry	4f06be2d-922a-46e4-bc43-b33220bbad11
698f597e-46fb-43b9-a878-f1a8989e1650	SEM-1-2025 - Biology	e1377487-3e9d-4034-8eff-78d112e5f1b7
4f331a5c-d76e-467f-bb9c-46ae8480cbab	SEM-2-2025 - Mathematics	120118f9-0da0-4fa3-a3d6-355fe18c1ab9
504d5406-e8bb-4bc8-9b8c-e53fd4d7f86c	SEM-2-2025 - Physics	4f1d81cd-949c-4de3-86e2-c887ee20b29c
ced20d8b-ea34-4d77-b6d7-2c4c0f5184a4	SEM-2-2025 - Chemistry	f622816c-bbd6-4888-89aa-9e4df3afd518
5885c83b-5a85-4d13-96aa-944ae68773af	SEM-2-2025 - Biology	f0a84512-508a-4c6d-9261-6b4e5d5e3e12
04b4247c-e7e2-44ec-a40c-9d8a61204cff	SEM-3-2025 - Mathematics	0b176786-adbe-4073-96cb-6168e0a7086b
3d285f76-4c32-45d1-b6e9-9b9dabf7fa40	SEM-3-2025 - Physics	3f93f1bd-323c-4133-9df9-d1c15be3836b
75cc3bf3-f8df-4b49-9e6e-6b36cc0804f2	SEM-3-2025 - Chemistry	dea27494-0e1e-4ec6-95b7-31fe36ca0664
02c03c92-e908-4cd4-8d2e-1969b261c35f	SEM-3-2025 - Biology	21915873-2910-4769-9ebd-4dc864092694
dd227927-7d48-412b-a0e9-fd57aca83238	SEM-4-2025 - Mathematics	8769caa4-00d4-47f3-bd96-8d1fc01c6dd4
c918ebbc-2a8f-4524-9280-11d7719276d2	SEM-4-2025 - Physics	657303d4-29d5-4f64-91ba-61b2e12ef219
60e3b1f5-e1cf-43a8-bb98-e42b22b65604	SEM-4-2025 - Chemistry	9fd6c43b-347e-4ee0-b0c5-bd456f819fec
67a999a8-c7ac-40a1-979d-2078e3c30250	SEM-4-2025 - Biology	273b6a3c-919d-4e53-99a5-7d9901b32e11
\.


--
-- TOC entry 3075 (class 0 OID 34102)
-- Dependencies: 200
-- Data for Name: flyway_schema_history; Type: TABLE DATA; Schema: public; Owner: postgres
--

COPY public.flyway_schema_history (installed_rank, version, description, type, script, checksum, installed_by, installed_on, execution_time, success) FROM stdin;
\.


--
-- TOC entry 3077 (class 0 OID 34117)
-- Dependencies: 202
-- Data for Name: grades; Type: TABLE DATA; Schema: public; Owner: postgres
--

COPY public.grades (id, comment, value, weight, student_id, test_id) FROM stdin;
67e67e41-ccf9-4ec0-bce5-39ec78a100cc	\N	5.60	1.00	8f5d8693-d4b9-4b91-83c9-68c31304aa57	49f771ac-39f7-4830-83e3-6aeb846badb8
cac52100-7c82-4049-ab84-0c7acce8705f	\N	6.00	1.00	be2ac629-915f-4bc0-a035-40f2625a8acb	49f771ac-39f7-4830-83e3-6aeb846badb8
c81931f5-396c-478f-83a7-d116045b87db	\N	2.80	1.00	194cbf63-a169-445d-9e6c-665b41028653	49f771ac-39f7-4830-83e3-6aeb846badb8
82b51dae-60ff-4a6a-8417-846b2012a81d	\N	5.50	1.00	446ce4ea-a411-4c60-a34f-19035f414011	49f771ac-39f7-4830-83e3-6aeb846badb8
88f53d93-99fa-4254-a2f1-59be3a5ca9da	\N	2.10	1.00	63deba56-41cd-4c85-b8bd-f66569c86c41	49f771ac-39f7-4830-83e3-6aeb846badb8
8ccda7aa-e615-4f62-96af-917a221ca5ac	\N	3.70	1.00	a126b498-f1e9-420a-88cb-72feaa9f435a	49f771ac-39f7-4830-83e3-6aeb846badb8
144e5c31-58b6-4c5f-bdef-216a0382baac	\N	4.80	1.00	eddaadb2-4670-41b4-a32c-a82a2ffca62e	49f771ac-39f7-4830-83e3-6aeb846badb8
10961198-e562-477c-a227-15b962ed7985	\N	2.00	1.00	bc57c62f-334a-4893-a479-e70a36dfe950	49f771ac-39f7-4830-83e3-6aeb846badb8
3ab603ec-3b52-46b9-aa24-b3fd873cff5c	\N	4.30	1.00	3970d91a-6a32-4e2d-95dc-06c7acd4dcec	49f771ac-39f7-4830-83e3-6aeb846badb8
559d66de-090a-46e6-92f2-275329ccded3	\N	4.90	1.00	20658ccc-7bb0-4c80-ab80-a98572d91dd5	49f771ac-39f7-4830-83e3-6aeb846badb8
bd35086e-67df-4f39-9eb5-cbe0f50b692c	\N	4.50	1.00	8f5d8693-d4b9-4b91-83c9-68c31304aa57	8d7ccfd5-da04-4df4-ae4a-dbc67a7f75a2
5115f741-6cea-48ee-8d59-a2b4e23033e3	\N	1.80	1.00	be2ac629-915f-4bc0-a035-40f2625a8acb	8d7ccfd5-da04-4df4-ae4a-dbc67a7f75a2
f25b0bb6-2c3d-448c-844d-42fd7ae50c3e	\N	5.70	1.00	194cbf63-a169-445d-9e6c-665b41028653	8d7ccfd5-da04-4df4-ae4a-dbc67a7f75a2
451d5b56-62f9-45bb-a710-ca7c38aeded6	\N	4.20	1.00	446ce4ea-a411-4c60-a34f-19035f414011	8d7ccfd5-da04-4df4-ae4a-dbc67a7f75a2
a2d11070-cade-4366-a49d-77d96e13c853	\N	4.40	1.00	63deba56-41cd-4c85-b8bd-f66569c86c41	8d7ccfd5-da04-4df4-ae4a-dbc67a7f75a2
31293061-2bdb-4277-a831-3db2013b9459	\N	4.20	1.00	a126b498-f1e9-420a-88cb-72feaa9f435a	8d7ccfd5-da04-4df4-ae4a-dbc67a7f75a2
e6128eeb-cd1d-40b6-b632-7de59abdce5a	\N	2.20	1.00	eddaadb2-4670-41b4-a32c-a82a2ffca62e	8d7ccfd5-da04-4df4-ae4a-dbc67a7f75a2
9d3bf532-4d66-4329-a7d0-7d78111a806c	\N	1.20	1.00	bc57c62f-334a-4893-a479-e70a36dfe950	8d7ccfd5-da04-4df4-ae4a-dbc67a7f75a2
24db09d7-bfe0-4941-9edc-446050e4e91b	\N	5.30	1.00	3970d91a-6a32-4e2d-95dc-06c7acd4dcec	8d7ccfd5-da04-4df4-ae4a-dbc67a7f75a2
f902ba12-28f7-439f-887c-8ff85d0b9d3c	\N	4.80	1.00	20658ccc-7bb0-4c80-ab80-a98572d91dd5	8d7ccfd5-da04-4df4-ae4a-dbc67a7f75a2
27906401-42b8-4bc0-995d-a3528346f048	\N	5.30	1.00	8f5d8693-d4b9-4b91-83c9-68c31304aa57	733ac3eb-1e5a-4fc7-84f9-28bbde05ef67
16d95ea1-b5e4-4c68-906d-ae19e2a9d345	\N	5.30	1.00	be2ac629-915f-4bc0-a035-40f2625a8acb	733ac3eb-1e5a-4fc7-84f9-28bbde05ef67
f60d8b41-b199-4e81-9ce8-2bbfba2f6b2e	\N	5.10	1.00	194cbf63-a169-445d-9e6c-665b41028653	733ac3eb-1e5a-4fc7-84f9-28bbde05ef67
8e3a680a-8c28-4127-a28a-dc3e90c3e8c7	\N	4.70	1.00	446ce4ea-a411-4c60-a34f-19035f414011	733ac3eb-1e5a-4fc7-84f9-28bbde05ef67
edb9b972-2137-4bee-ab7e-2dbaa21af941	\N	5.30	1.00	63deba56-41cd-4c85-b8bd-f66569c86c41	733ac3eb-1e5a-4fc7-84f9-28bbde05ef67
d9044d1c-a88d-479c-aa1d-9339a09ecd4f	\N	4.10	1.00	a126b498-f1e9-420a-88cb-72feaa9f435a	733ac3eb-1e5a-4fc7-84f9-28bbde05ef67
db7cdc26-cc15-41d0-843d-197a66569dff	\N	1.90	1.00	eddaadb2-4670-41b4-a32c-a82a2ffca62e	733ac3eb-1e5a-4fc7-84f9-28bbde05ef67
471635db-2b5f-47e8-a2b1-b44e188df8dc	\N	1.20	1.00	bc57c62f-334a-4893-a479-e70a36dfe950	733ac3eb-1e5a-4fc7-84f9-28bbde05ef67
9f66f512-b0ea-441a-ac45-4e2dba831fac	\N	3.90	1.00	3970d91a-6a32-4e2d-95dc-06c7acd4dcec	733ac3eb-1e5a-4fc7-84f9-28bbde05ef67
0270610b-3da8-4931-bc07-3a69ef5fc3a7	\N	4.40	1.00	20658ccc-7bb0-4c80-ab80-a98572d91dd5	733ac3eb-1e5a-4fc7-84f9-28bbde05ef67
ca2f27ff-15b8-4ea1-b760-953e73539688	\N	4.70	1.00	8f5d8693-d4b9-4b91-83c9-68c31304aa57	dcbc1c52-c58e-420b-bffe-cb8f8eeda38a
ab9186d7-a90d-4b11-a122-7ae43d5edac4	\N	1.60	1.00	be2ac629-915f-4bc0-a035-40f2625a8acb	dcbc1c52-c58e-420b-bffe-cb8f8eeda38a
e2494bd9-126e-4d38-8490-f87659b8b333	\N	5.00	1.00	194cbf63-a169-445d-9e6c-665b41028653	dcbc1c52-c58e-420b-bffe-cb8f8eeda38a
46017189-92d0-4a71-a444-6dbd43e353bd	\N	4.50	1.00	446ce4ea-a411-4c60-a34f-19035f414011	dcbc1c52-c58e-420b-bffe-cb8f8eeda38a
b5958cb2-0001-4853-b1cd-adac75d5f104	\N	5.90	1.00	63deba56-41cd-4c85-b8bd-f66569c86c41	dcbc1c52-c58e-420b-bffe-cb8f8eeda38a
94f41a0e-8f77-42c9-af2b-fe909d599052	\N	2.90	1.00	a126b498-f1e9-420a-88cb-72feaa9f435a	dcbc1c52-c58e-420b-bffe-cb8f8eeda38a
fc63bbd3-3f18-4646-9708-21154c3107dc	\N	4.20	1.00	eddaadb2-4670-41b4-a32c-a82a2ffca62e	dcbc1c52-c58e-420b-bffe-cb8f8eeda38a
ccd77ed0-754e-4b2b-b040-1cbeaea2227b	\N	4.10	1.00	bc57c62f-334a-4893-a479-e70a36dfe950	dcbc1c52-c58e-420b-bffe-cb8f8eeda38a
65d968f2-c4d1-4f7d-bd42-7ddb1f08cb9c	\N	5.30	1.00	3970d91a-6a32-4e2d-95dc-06c7acd4dcec	dcbc1c52-c58e-420b-bffe-cb8f8eeda38a
c3787316-5b25-45e8-959a-fc485eb4c504	\N	5.10	1.00	20658ccc-7bb0-4c80-ab80-a98572d91dd5	dcbc1c52-c58e-420b-bffe-cb8f8eeda38a
d4f22ce6-af5b-45bf-b7a4-53348b24a828	\N	5.40	1.00	8f5d8693-d4b9-4b91-83c9-68c31304aa57	8b349e56-3129-4288-acc0-1bbc33265ce8
94d5c489-6c6e-48e7-933c-d5199706e55a	\N	1.40	1.00	be2ac629-915f-4bc0-a035-40f2625a8acb	8b349e56-3129-4288-acc0-1bbc33265ce8
2ef99686-7a7d-438b-92a5-c9431c474957	\N	5.80	1.00	194cbf63-a169-445d-9e6c-665b41028653	8b349e56-3129-4288-acc0-1bbc33265ce8
ffcb9960-ad3f-4868-bc7d-b63bd1dc16a1	\N	4.50	1.00	446ce4ea-a411-4c60-a34f-19035f414011	8b349e56-3129-4288-acc0-1bbc33265ce8
877f9595-f3be-4ef4-aedb-96dbae357143	\N	2.70	1.00	63deba56-41cd-4c85-b8bd-f66569c86c41	8b349e56-3129-4288-acc0-1bbc33265ce8
aace36a4-87a2-43f1-a61e-d59d1ff9e9e9	\N	4.80	1.00	a126b498-f1e9-420a-88cb-72feaa9f435a	8b349e56-3129-4288-acc0-1bbc33265ce8
ecf79d81-51b1-4a45-a679-c0bc2d335cee	\N	4.80	1.00	eddaadb2-4670-41b4-a32c-a82a2ffca62e	8b349e56-3129-4288-acc0-1bbc33265ce8
d432ac4b-21b4-4a3b-8717-c87cd006ce9c	\N	5.90	1.00	bc57c62f-334a-4893-a479-e70a36dfe950	8b349e56-3129-4288-acc0-1bbc33265ce8
b5ed682e-018f-4fcc-8e65-4579a2de306e	\N	5.00	1.00	3970d91a-6a32-4e2d-95dc-06c7acd4dcec	8b349e56-3129-4288-acc0-1bbc33265ce8
8d998d0e-c577-44fb-8397-0f35d2f69b5c	\N	3.10	1.00	20658ccc-7bb0-4c80-ab80-a98572d91dd5	8b349e56-3129-4288-acc0-1bbc33265ce8
32b266ec-eca8-4aee-9d8f-2812a620af5b	\N	5.60	1.00	8f5d8693-d4b9-4b91-83c9-68c31304aa57	43ad0ee7-c9f1-4322-bda5-c20642c4ed3a
722cf4f9-a14b-4aa6-a807-a7e9832c3dc4	\N	5.20	1.00	be2ac629-915f-4bc0-a035-40f2625a8acb	43ad0ee7-c9f1-4322-bda5-c20642c4ed3a
845ea46b-ab5e-4dfd-b357-997c30f0047b	\N	5.50	1.00	194cbf63-a169-445d-9e6c-665b41028653	43ad0ee7-c9f1-4322-bda5-c20642c4ed3a
4d311e1f-d2ab-4263-9a61-200a63699f8a	\N	5.70	1.00	446ce4ea-a411-4c60-a34f-19035f414011	43ad0ee7-c9f1-4322-bda5-c20642c4ed3a
6d1059eb-10e8-4ae7-817d-66c9df0e7ba6	\N	3.80	1.00	63deba56-41cd-4c85-b8bd-f66569c86c41	43ad0ee7-c9f1-4322-bda5-c20642c4ed3a
62f60724-dc94-4469-abbb-cec0ac3065dd	\N	2.30	1.00	a126b498-f1e9-420a-88cb-72feaa9f435a	43ad0ee7-c9f1-4322-bda5-c20642c4ed3a
0960667a-4305-4acd-9567-9bc051153e88	\N	1.90	1.00	eddaadb2-4670-41b4-a32c-a82a2ffca62e	43ad0ee7-c9f1-4322-bda5-c20642c4ed3a
616d94b1-c55a-43f8-963b-82e17e3265b1	\N	2.20	1.00	bc57c62f-334a-4893-a479-e70a36dfe950	43ad0ee7-c9f1-4322-bda5-c20642c4ed3a
4329a1b8-7d76-493a-ba16-a23659043667	\N	4.10	1.00	3970d91a-6a32-4e2d-95dc-06c7acd4dcec	43ad0ee7-c9f1-4322-bda5-c20642c4ed3a
80ac8133-d83d-47de-9490-be0eca3c4696	\N	4.40	1.00	20658ccc-7bb0-4c80-ab80-a98572d91dd5	43ad0ee7-c9f1-4322-bda5-c20642c4ed3a
9c89e67a-c882-47ab-b8f0-1e2a993ca1ab	\N	1.70	1.00	8f5d8693-d4b9-4b91-83c9-68c31304aa57	c5e03b67-b5da-449f-b3cd-f875f0407202
94599262-12e6-412b-975d-68f881d8fecd	\N	5.70	1.00	be2ac629-915f-4bc0-a035-40f2625a8acb	c5e03b67-b5da-449f-b3cd-f875f0407202
c9864b2e-24e7-4b4f-a403-eec1ba1c3f56	\N	5.70	1.00	194cbf63-a169-445d-9e6c-665b41028653	c5e03b67-b5da-449f-b3cd-f875f0407202
3876d697-a2bb-4d73-a88e-cd7475c2962a	\N	4.70	1.00	446ce4ea-a411-4c60-a34f-19035f414011	c5e03b67-b5da-449f-b3cd-f875f0407202
1ed85257-2465-4ffe-bab5-5c8553bed483	\N	2.00	1.00	63deba56-41cd-4c85-b8bd-f66569c86c41	c5e03b67-b5da-449f-b3cd-f875f0407202
b8513c21-5512-4468-8b6c-c8fb00c3c22e	\N	5.50	1.00	a126b498-f1e9-420a-88cb-72feaa9f435a	c5e03b67-b5da-449f-b3cd-f875f0407202
509a11c0-5cd4-4806-aea2-136e21f16f71	\N	4.70	1.00	eddaadb2-4670-41b4-a32c-a82a2ffca62e	c5e03b67-b5da-449f-b3cd-f875f0407202
ca62bd95-2173-4b8d-9b22-02882dd04ba5	\N	4.70	1.00	bc57c62f-334a-4893-a479-e70a36dfe950	c5e03b67-b5da-449f-b3cd-f875f0407202
d7bca6c1-c908-494e-a055-11d433d41496	\N	3.70	1.00	3970d91a-6a32-4e2d-95dc-06c7acd4dcec	c5e03b67-b5da-449f-b3cd-f875f0407202
5fc7daad-ff9a-44b7-9f15-a66755c52bf1	\N	5.70	1.00	20658ccc-7bb0-4c80-ab80-a98572d91dd5	c5e03b67-b5da-449f-b3cd-f875f0407202
f29684a7-8a5a-4eca-9074-212cad9bc9c2	\N	4.20	1.00	8f5d8693-d4b9-4b91-83c9-68c31304aa57	fea2cb11-7c4a-4c47-baf4-85f349462fa0
cb2d05b7-9911-490a-bcb2-d32d9ba671c9	\N	5.80	1.00	be2ac629-915f-4bc0-a035-40f2625a8acb	fea2cb11-7c4a-4c47-baf4-85f349462fa0
4b11754f-d5c4-4e09-af07-cd94eb7a6240	\N	4.60	1.00	194cbf63-a169-445d-9e6c-665b41028653	fea2cb11-7c4a-4c47-baf4-85f349462fa0
5b1e5006-704a-4a5e-96b2-44f7fcb9f408	\N	2.00	1.00	446ce4ea-a411-4c60-a34f-19035f414011	fea2cb11-7c4a-4c47-baf4-85f349462fa0
4c321254-800f-43ba-aa12-7e8547e5dcec	\N	4.90	1.00	63deba56-41cd-4c85-b8bd-f66569c86c41	fea2cb11-7c4a-4c47-baf4-85f349462fa0
9b6e10d4-85ba-4094-a31e-14c4b17f6276	\N	3.30	1.00	a126b498-f1e9-420a-88cb-72feaa9f435a	fea2cb11-7c4a-4c47-baf4-85f349462fa0
32784d08-15a0-4c3b-bcf0-68a6c7193c97	\N	1.80	1.00	eddaadb2-4670-41b4-a32c-a82a2ffca62e	fea2cb11-7c4a-4c47-baf4-85f349462fa0
801990b6-0840-4d71-988f-9a9b628d05e1	\N	5.70	1.00	bc57c62f-334a-4893-a479-e70a36dfe950	fea2cb11-7c4a-4c47-baf4-85f349462fa0
0a2af03b-6991-42b9-9b92-4ff57fd00544	\N	4.90	1.00	3970d91a-6a32-4e2d-95dc-06c7acd4dcec	fea2cb11-7c4a-4c47-baf4-85f349462fa0
3fba6637-f558-4239-9e94-5928d3999f33	\N	4.50	1.00	20658ccc-7bb0-4c80-ab80-a98572d91dd5	fea2cb11-7c4a-4c47-baf4-85f349462fa0
1f8cc0a7-0b74-4793-a41e-7d824a46ec3a	\N	5.80	1.00	8f5d8693-d4b9-4b91-83c9-68c31304aa57	fa88b2c8-d51f-43ca-83ab-352fde05f681
87965197-9dc9-4671-a345-c84656cddc4b	\N	4.20	1.00	be2ac629-915f-4bc0-a035-40f2625a8acb	fa88b2c8-d51f-43ca-83ab-352fde05f681
2886b821-a456-4832-a8f2-6cd0abf517c2	\N	5.10	1.00	194cbf63-a169-445d-9e6c-665b41028653	fa88b2c8-d51f-43ca-83ab-352fde05f681
340e8f0d-3c41-44a8-a2fc-58f5c73b86cf	\N	4.40	1.00	446ce4ea-a411-4c60-a34f-19035f414011	fa88b2c8-d51f-43ca-83ab-352fde05f681
973e7577-770f-4c40-b27e-1356f5ed782a	\N	5.80	1.00	63deba56-41cd-4c85-b8bd-f66569c86c41	fa88b2c8-d51f-43ca-83ab-352fde05f681
2dd22e8d-2274-4c60-a976-1fda4e4b0153	\N	1.50	1.00	a126b498-f1e9-420a-88cb-72feaa9f435a	fa88b2c8-d51f-43ca-83ab-352fde05f681
fc7e01db-577a-43a7-bf61-ae250083fafc	\N	4.10	1.00	eddaadb2-4670-41b4-a32c-a82a2ffca62e	fa88b2c8-d51f-43ca-83ab-352fde05f681
352c103c-526f-4ef1-9897-ab04f2e8f581	\N	5.80	1.00	bc57c62f-334a-4893-a479-e70a36dfe950	fa88b2c8-d51f-43ca-83ab-352fde05f681
93e4331d-3e98-41f5-a578-3f641eaf139b	\N	5.80	1.00	3970d91a-6a32-4e2d-95dc-06c7acd4dcec	fa88b2c8-d51f-43ca-83ab-352fde05f681
265c5ddb-4170-41a4-8f5d-ef3442403d3d	\N	2.10	1.00	20658ccc-7bb0-4c80-ab80-a98572d91dd5	fa88b2c8-d51f-43ca-83ab-352fde05f681
06ca7974-588c-4df3-acf3-3c4051e28144	\N	3.60	1.00	8f5d8693-d4b9-4b91-83c9-68c31304aa57	feb73bcb-8c42-478d-a3a5-476db9dc4235
3c547ace-c723-4e3c-8059-61b9f3f2fe5e	\N	5.10	1.00	be2ac629-915f-4bc0-a035-40f2625a8acb	feb73bcb-8c42-478d-a3a5-476db9dc4235
737e23b2-5ce9-4e9d-ab26-9f61e4be4622	\N	1.60	1.00	194cbf63-a169-445d-9e6c-665b41028653	feb73bcb-8c42-478d-a3a5-476db9dc4235
049f6d90-cece-4d77-83d0-2d1aea4f8021	\N	4.40	1.00	446ce4ea-a411-4c60-a34f-19035f414011	feb73bcb-8c42-478d-a3a5-476db9dc4235
5bbc2629-ba77-451c-b56e-d978c8293c38	\N	4.90	1.00	63deba56-41cd-4c85-b8bd-f66569c86c41	feb73bcb-8c42-478d-a3a5-476db9dc4235
e91cf782-fd48-42aa-90a0-bacd54283795	\N	4.90	1.00	a126b498-f1e9-420a-88cb-72feaa9f435a	feb73bcb-8c42-478d-a3a5-476db9dc4235
d43cd97a-6c5f-40ca-b4f5-27e6c2dd1cca	\N	5.60	1.00	eddaadb2-4670-41b4-a32c-a82a2ffca62e	feb73bcb-8c42-478d-a3a5-476db9dc4235
f09e99a6-f338-499f-9127-4878091e8b67	\N	4.10	1.00	bc57c62f-334a-4893-a479-e70a36dfe950	feb73bcb-8c42-478d-a3a5-476db9dc4235
c8572200-1059-42dd-a165-2af19546a6e4	\N	4.80	1.00	3970d91a-6a32-4e2d-95dc-06c7acd4dcec	feb73bcb-8c42-478d-a3a5-476db9dc4235
addcede4-e6a3-4696-8b4b-58e6a72d6bfd	\N	5.50	1.00	20658ccc-7bb0-4c80-ab80-a98572d91dd5	feb73bcb-8c42-478d-a3a5-476db9dc4235
58148ee7-3659-4dc9-af8f-82f730d673f9	\N	5.60	1.00	8f5d8693-d4b9-4b91-83c9-68c31304aa57	ce1cc8a8-e8fb-4f9f-a81f-fc7b6c84b62f
aaf6642d-d9dc-4c43-9be1-ee03703c256a	\N	5.20	1.00	be2ac629-915f-4bc0-a035-40f2625a8acb	ce1cc8a8-e8fb-4f9f-a81f-fc7b6c84b62f
8d2952c2-0abe-494c-a9a3-73762891da6a	\N	5.10	1.00	194cbf63-a169-445d-9e6c-665b41028653	ce1cc8a8-e8fb-4f9f-a81f-fc7b6c84b62f
9b282b8b-493c-477c-b49a-1d91c897a8c9	\N	2.70	1.00	446ce4ea-a411-4c60-a34f-19035f414011	ce1cc8a8-e8fb-4f9f-a81f-fc7b6c84b62f
73e2d9db-6850-4223-9dce-5987ed04ccc5	\N	2.50	1.00	63deba56-41cd-4c85-b8bd-f66569c86c41	ce1cc8a8-e8fb-4f9f-a81f-fc7b6c84b62f
b7b53947-4422-4314-b3c9-7f3723ff079f	\N	4.80	1.00	a126b498-f1e9-420a-88cb-72feaa9f435a	ce1cc8a8-e8fb-4f9f-a81f-fc7b6c84b62f
76892883-6834-4429-8af7-ba1232f93d36	\N	4.80	1.00	eddaadb2-4670-41b4-a32c-a82a2ffca62e	ce1cc8a8-e8fb-4f9f-a81f-fc7b6c84b62f
7cd1d58c-a2f5-49e3-9c4e-2f07d19d04b6	\N	5.30	1.00	bc57c62f-334a-4893-a479-e70a36dfe950	ce1cc8a8-e8fb-4f9f-a81f-fc7b6c84b62f
657cece4-b441-4400-8030-848254fa49ad	\N	5.60	1.00	3970d91a-6a32-4e2d-95dc-06c7acd4dcec	ce1cc8a8-e8fb-4f9f-a81f-fc7b6c84b62f
adef6cd5-7866-4d33-8a39-a24612d8b1de	\N	5.30	1.00	20658ccc-7bb0-4c80-ab80-a98572d91dd5	ce1cc8a8-e8fb-4f9f-a81f-fc7b6c84b62f
55f1ffe2-e9f4-4afb-8cae-8502e18174d1	\N	1.50	1.00	8f5d8693-d4b9-4b91-83c9-68c31304aa57	92e52dc1-7131-4d70-bd5b-72956b9b5461
86132868-9894-499b-a369-158b3b5e3133	\N	4.80	1.00	be2ac629-915f-4bc0-a035-40f2625a8acb	92e52dc1-7131-4d70-bd5b-72956b9b5461
ac8d1891-6929-4d49-abbe-d7f03fc696b5	\N	5.10	1.00	194cbf63-a169-445d-9e6c-665b41028653	92e52dc1-7131-4d70-bd5b-72956b9b5461
9938a8a7-ea78-4a2e-97ba-1863c015e28a	\N	1.80	1.00	446ce4ea-a411-4c60-a34f-19035f414011	92e52dc1-7131-4d70-bd5b-72956b9b5461
68f90b1f-60bb-4647-8d29-09831d6ed4b4	\N	5.50	1.00	63deba56-41cd-4c85-b8bd-f66569c86c41	92e52dc1-7131-4d70-bd5b-72956b9b5461
b0562466-49e3-48cf-8726-0a7f537ae2d1	\N	4.20	1.00	a126b498-f1e9-420a-88cb-72feaa9f435a	92e52dc1-7131-4d70-bd5b-72956b9b5461
22f623f7-e54c-42e9-ba6f-ff90d1a05357	\N	4.90	1.00	eddaadb2-4670-41b4-a32c-a82a2ffca62e	92e52dc1-7131-4d70-bd5b-72956b9b5461
d6128f03-7910-4904-97c3-270ce188c54b	\N	2.10	1.00	bc57c62f-334a-4893-a479-e70a36dfe950	92e52dc1-7131-4d70-bd5b-72956b9b5461
8d9c938b-5276-4109-9640-686af01cfb3e	\N	5.20	1.00	3970d91a-6a32-4e2d-95dc-06c7acd4dcec	92e52dc1-7131-4d70-bd5b-72956b9b5461
cece0188-ab7e-4dfe-bca3-0c400e08cc8c	\N	4.20	1.00	20658ccc-7bb0-4c80-ab80-a98572d91dd5	92e52dc1-7131-4d70-bd5b-72956b9b5461
6a67079b-b73b-49c0-b101-55a8b82f5a81	\N	3.60	1.00	8f5d8693-d4b9-4b91-83c9-68c31304aa57	0bdab118-fbcd-488b-932c-d077dc1a76dc
1a6f7a86-5e6e-4cd3-b715-af628b58ddf6	\N	5.20	1.00	be2ac629-915f-4bc0-a035-40f2625a8acb	0bdab118-fbcd-488b-932c-d077dc1a76dc
a080be1f-916b-448e-a0f8-dba1e0757671	\N	1.10	1.00	194cbf63-a169-445d-9e6c-665b41028653	0bdab118-fbcd-488b-932c-d077dc1a76dc
b06ce011-74df-439c-99eb-2197cd6c530c	\N	4.30	1.00	446ce4ea-a411-4c60-a34f-19035f414011	0bdab118-fbcd-488b-932c-d077dc1a76dc
9d7653a9-f7bf-4078-bba9-7d4bf9de500a	\N	4.60	1.00	63deba56-41cd-4c85-b8bd-f66569c86c41	0bdab118-fbcd-488b-932c-d077dc1a76dc
dc0e4a92-8e95-4a97-83cc-239a00da21ef	\N	5.50	1.00	a126b498-f1e9-420a-88cb-72feaa9f435a	0bdab118-fbcd-488b-932c-d077dc1a76dc
68455380-94d2-4bdd-ba94-cf12cdac3090	\N	2.70	1.00	eddaadb2-4670-41b4-a32c-a82a2ffca62e	0bdab118-fbcd-488b-932c-d077dc1a76dc
04cd30b7-e621-4cc2-9a4e-d54d240af5ba	\N	1.10	1.00	bc57c62f-334a-4893-a479-e70a36dfe950	0bdab118-fbcd-488b-932c-d077dc1a76dc
dc5cc143-89e2-40cb-a9d8-9e5835c80fdd	\N	5.10	1.00	3970d91a-6a32-4e2d-95dc-06c7acd4dcec	0bdab118-fbcd-488b-932c-d077dc1a76dc
6f92662f-1d0c-4134-a499-c457395a836e	\N	5.30	1.00	20658ccc-7bb0-4c80-ab80-a98572d91dd5	0bdab118-fbcd-488b-932c-d077dc1a76dc
efb5a4a6-03ee-4f60-86fb-c958e2deef9b	\N	5.30	1.00	8f5d8693-d4b9-4b91-83c9-68c31304aa57	18cb3eb8-1b08-46b4-8932-1b250c1da986
875faf97-41be-4927-bce8-54412706d196	\N	4.40	1.00	be2ac629-915f-4bc0-a035-40f2625a8acb	18cb3eb8-1b08-46b4-8932-1b250c1da986
a556edd9-8373-4a89-9594-25cb220cd86c	\N	5.30	1.00	194cbf63-a169-445d-9e6c-665b41028653	18cb3eb8-1b08-46b4-8932-1b250c1da986
382273e4-0ec8-404e-a159-d49c067117ac	\N	4.00	1.00	446ce4ea-a411-4c60-a34f-19035f414011	18cb3eb8-1b08-46b4-8932-1b250c1da986
b9d40d50-15e8-464b-9cf0-e85024446db2	\N	2.00	1.00	63deba56-41cd-4c85-b8bd-f66569c86c41	18cb3eb8-1b08-46b4-8932-1b250c1da986
9a48cc35-ccf1-4d83-9d2a-83959a583430	\N	5.50	1.00	a126b498-f1e9-420a-88cb-72feaa9f435a	18cb3eb8-1b08-46b4-8932-1b250c1da986
8f30f1f6-51ea-4295-ba9f-25220ae9b425	\N	2.30	1.00	eddaadb2-4670-41b4-a32c-a82a2ffca62e	18cb3eb8-1b08-46b4-8932-1b250c1da986
40fef758-fd1f-4b7c-b222-efd3e0c3609a	\N	2.10	1.00	bc57c62f-334a-4893-a479-e70a36dfe950	18cb3eb8-1b08-46b4-8932-1b250c1da986
21dfc94a-89ba-4d3b-b0f3-bd78ede3ab36	\N	3.40	1.00	3970d91a-6a32-4e2d-95dc-06c7acd4dcec	18cb3eb8-1b08-46b4-8932-1b250c1da986
f059e6b5-7ea0-4064-9be6-02dfb15a5940	\N	4.60	1.00	20658ccc-7bb0-4c80-ab80-a98572d91dd5	18cb3eb8-1b08-46b4-8932-1b250c1da986
7cb6fca9-4d1d-41ae-83b1-0055aab9fa1f	\N	5.50	1.00	8f5d8693-d4b9-4b91-83c9-68c31304aa57	7a438f71-c0b6-4ef1-9629-24423b03bcb9
827701af-05e7-4dde-81d6-29f83e41a0e0	\N	1.30	1.00	be2ac629-915f-4bc0-a035-40f2625a8acb	7a438f71-c0b6-4ef1-9629-24423b03bcb9
2a725118-f95d-465f-b3bc-b63f161fd0b7	\N	4.50	1.00	194cbf63-a169-445d-9e6c-665b41028653	7a438f71-c0b6-4ef1-9629-24423b03bcb9
3cb92078-0b81-4255-8507-31274ab2c15d	\N	5.80	1.00	446ce4ea-a411-4c60-a34f-19035f414011	7a438f71-c0b6-4ef1-9629-24423b03bcb9
8f6d8515-502a-4f29-b615-a8754f95f4ef	\N	5.30	1.00	63deba56-41cd-4c85-b8bd-f66569c86c41	7a438f71-c0b6-4ef1-9629-24423b03bcb9
a6e1bf57-8048-4816-aeac-52062e53dc04	\N	4.90	1.00	a126b498-f1e9-420a-88cb-72feaa9f435a	7a438f71-c0b6-4ef1-9629-24423b03bcb9
405d3df7-77cd-495d-a703-7bbe560e49d2	\N	5.40	1.00	eddaadb2-4670-41b4-a32c-a82a2ffca62e	7a438f71-c0b6-4ef1-9629-24423b03bcb9
3ecbed96-7298-4090-9b37-56053cc6e797	\N	2.40	1.00	bc57c62f-334a-4893-a479-e70a36dfe950	7a438f71-c0b6-4ef1-9629-24423b03bcb9
6763c384-5435-4cc1-bb37-0bb3d806de94	\N	4.20	1.00	3970d91a-6a32-4e2d-95dc-06c7acd4dcec	7a438f71-c0b6-4ef1-9629-24423b03bcb9
e6805a5c-59b3-4684-8982-911048158712	\N	5.20	1.00	20658ccc-7bb0-4c80-ab80-a98572d91dd5	7a438f71-c0b6-4ef1-9629-24423b03bcb9
951af902-b509-4a49-8ce5-c2d5ad766254	\N	4.50	1.00	8f5d8693-d4b9-4b91-83c9-68c31304aa57	3b449132-3276-4dd4-ba69-0d7efb7992ac
242092a8-df52-4b99-894c-25aed34b2507	\N	5.80	1.00	be2ac629-915f-4bc0-a035-40f2625a8acb	3b449132-3276-4dd4-ba69-0d7efb7992ac
fc750c2f-6f9e-481c-843d-a41d1988e38a	\N	3.90	1.00	194cbf63-a169-445d-9e6c-665b41028653	3b449132-3276-4dd4-ba69-0d7efb7992ac
6393f0ac-8b93-4fad-9732-6b6883df10bd	\N	2.90	1.00	446ce4ea-a411-4c60-a34f-19035f414011	3b449132-3276-4dd4-ba69-0d7efb7992ac
4f1f1175-d1e3-4290-9a93-99613695b981	\N	5.30	1.00	63deba56-41cd-4c85-b8bd-f66569c86c41	3b449132-3276-4dd4-ba69-0d7efb7992ac
83bc5370-79a4-4ba2-b0f3-33f291323c0e	\N	6.00	1.00	a126b498-f1e9-420a-88cb-72feaa9f435a	3b449132-3276-4dd4-ba69-0d7efb7992ac
a27f0578-ec9a-49e7-8e9b-8436105651c4	\N	5.20	1.00	eddaadb2-4670-41b4-a32c-a82a2ffca62e	3b449132-3276-4dd4-ba69-0d7efb7992ac
42ac35ba-b9e4-4d82-9ac5-9af46eb11a42	\N	4.80	1.00	bc57c62f-334a-4893-a479-e70a36dfe950	3b449132-3276-4dd4-ba69-0d7efb7992ac
45c86fec-31d5-46f9-b3d6-9edd6117db15	\N	5.60	1.00	3970d91a-6a32-4e2d-95dc-06c7acd4dcec	3b449132-3276-4dd4-ba69-0d7efb7992ac
779b1c24-ffd8-4e47-825a-ae76208b106b	\N	2.40	1.00	20658ccc-7bb0-4c80-ab80-a98572d91dd5	3b449132-3276-4dd4-ba69-0d7efb7992ac
2eb36b04-fd9c-4eeb-8f72-135dd622d58a	\N	4.10	1.00	8f5d8693-d4b9-4b91-83c9-68c31304aa57	7afd247b-c716-494e-ba3c-748c52f099fa
fb1641ec-a156-4c93-a546-abfcb1bb0343	\N	2.90	1.00	be2ac629-915f-4bc0-a035-40f2625a8acb	7afd247b-c716-494e-ba3c-748c52f099fa
c565314c-452e-4b00-ba52-e40e747c9c36	\N	4.40	1.00	194cbf63-a169-445d-9e6c-665b41028653	7afd247b-c716-494e-ba3c-748c52f099fa
465d6b71-44a1-45fc-ae7a-7db53a190c0f	\N	6.00	1.00	446ce4ea-a411-4c60-a34f-19035f414011	7afd247b-c716-494e-ba3c-748c52f099fa
7dd1d571-baf5-46dc-b5f3-d9a4abc223c0	\N	5.50	1.00	63deba56-41cd-4c85-b8bd-f66569c86c41	7afd247b-c716-494e-ba3c-748c52f099fa
439f72c8-8468-463b-9e61-42b20093a151	\N	1.60	1.00	a126b498-f1e9-420a-88cb-72feaa9f435a	7afd247b-c716-494e-ba3c-748c52f099fa
9cb71731-b27b-4e25-a0a9-c6972684710f	\N	4.50	1.00	eddaadb2-4670-41b4-a32c-a82a2ffca62e	7afd247b-c716-494e-ba3c-748c52f099fa
2f7aad00-9646-40da-9fb6-810dac0148a5	\N	5.60	1.00	bc57c62f-334a-4893-a479-e70a36dfe950	7afd247b-c716-494e-ba3c-748c52f099fa
1446e90e-f77d-4ca6-9a85-52fd9d3a3cbe	\N	4.90	1.00	3970d91a-6a32-4e2d-95dc-06c7acd4dcec	7afd247b-c716-494e-ba3c-748c52f099fa
03ee0014-9576-4b9c-8c5f-39bb86a26db2	\N	2.00	1.00	20658ccc-7bb0-4c80-ab80-a98572d91dd5	7afd247b-c716-494e-ba3c-748c52f099fa
212c9d8c-5cfa-45f9-b5a2-af395e22d208	\N	4.20	1.00	8f5d8693-d4b9-4b91-83c9-68c31304aa57	d55faa5c-d840-4cc4-a8d8-d5ed7bd16f13
aa5bba4d-cc82-4869-b9de-8ce0bac150c6	\N	5.90	1.00	be2ac629-915f-4bc0-a035-40f2625a8acb	d55faa5c-d840-4cc4-a8d8-d5ed7bd16f13
e3520692-1ced-4fbf-aa16-8912e310767d	\N	5.90	1.00	194cbf63-a169-445d-9e6c-665b41028653	d55faa5c-d840-4cc4-a8d8-d5ed7bd16f13
50828b29-cea7-44c5-b625-4e00ce7f582d	\N	4.60	1.00	446ce4ea-a411-4c60-a34f-19035f414011	d55faa5c-d840-4cc4-a8d8-d5ed7bd16f13
e59d6a08-ce2e-4d01-b262-288582c655bd	\N	4.10	1.00	63deba56-41cd-4c85-b8bd-f66569c86c41	d55faa5c-d840-4cc4-a8d8-d5ed7bd16f13
7af5d479-ae1b-474e-ad57-b07b77b7f800	\N	5.70	1.00	a126b498-f1e9-420a-88cb-72feaa9f435a	d55faa5c-d840-4cc4-a8d8-d5ed7bd16f13
b0819973-6fb0-47f8-8d10-bb5e3c0b3de7	\N	1.00	1.00	eddaadb2-4670-41b4-a32c-a82a2ffca62e	d55faa5c-d840-4cc4-a8d8-d5ed7bd16f13
be7826d9-83bd-4f94-8843-4e537c75baa6	\N	2.60	1.00	bc57c62f-334a-4893-a479-e70a36dfe950	d55faa5c-d840-4cc4-a8d8-d5ed7bd16f13
9d1923ca-77e0-4361-9e30-ceee5575930a	\N	3.10	1.00	3970d91a-6a32-4e2d-95dc-06c7acd4dcec	d55faa5c-d840-4cc4-a8d8-d5ed7bd16f13
0ca5f40d-e27f-4da9-a425-7e7271c95d2e	\N	4.30	1.00	20658ccc-7bb0-4c80-ab80-a98572d91dd5	d55faa5c-d840-4cc4-a8d8-d5ed7bd16f13
1e74c586-2a9a-4e58-a036-00f87ea79949	\N	4.30	1.00	8f5d8693-d4b9-4b91-83c9-68c31304aa57	45700e41-1616-4723-a91d-1c155e8fbf70
db0edb60-52de-48cc-94f0-309bd18d79e2	\N	5.20	1.00	be2ac629-915f-4bc0-a035-40f2625a8acb	45700e41-1616-4723-a91d-1c155e8fbf70
794ab503-3443-4257-bd70-97a73541d27d	\N	5.00	1.00	194cbf63-a169-445d-9e6c-665b41028653	45700e41-1616-4723-a91d-1c155e8fbf70
5cc14ed8-8e0b-4ebf-9af4-dfd6d526b073	\N	1.20	1.00	446ce4ea-a411-4c60-a34f-19035f414011	45700e41-1616-4723-a91d-1c155e8fbf70
4960da6f-c419-41a5-bef4-4b9023a00f03	\N	4.40	1.00	63deba56-41cd-4c85-b8bd-f66569c86c41	45700e41-1616-4723-a91d-1c155e8fbf70
c5c1c446-e6a4-438b-9db7-fc4e2d8b7f2c	\N	4.20	1.00	a126b498-f1e9-420a-88cb-72feaa9f435a	45700e41-1616-4723-a91d-1c155e8fbf70
8311a513-6f57-40d0-8680-3b40419958ca	\N	5.30	1.00	eddaadb2-4670-41b4-a32c-a82a2ffca62e	45700e41-1616-4723-a91d-1c155e8fbf70
a9db17f8-3617-4788-a7a0-6f7f3fc7adea	\N	3.10	1.00	bc57c62f-334a-4893-a479-e70a36dfe950	45700e41-1616-4723-a91d-1c155e8fbf70
91d723f1-7f42-4a1a-b242-efa029773dd3	\N	4.80	1.00	3970d91a-6a32-4e2d-95dc-06c7acd4dcec	45700e41-1616-4723-a91d-1c155e8fbf70
44cb1430-1458-45a0-8fd1-6fc70573d4a7	\N	5.90	1.00	20658ccc-7bb0-4c80-ab80-a98572d91dd5	45700e41-1616-4723-a91d-1c155e8fbf70
682939dc-84fe-4859-8bdb-67c77b82d947	\N	5.70	1.00	8f5d8693-d4b9-4b91-83c9-68c31304aa57	d8c6a5e4-e235-4080-862c-a4e30f157cbd
7464f07e-f7f9-4c8f-8c95-f6102da5bec3	\N	4.80	1.00	be2ac629-915f-4bc0-a035-40f2625a8acb	d8c6a5e4-e235-4080-862c-a4e30f157cbd
e97465ab-048e-464a-82c3-8cdeab812059	\N	4.90	1.00	194cbf63-a169-445d-9e6c-665b41028653	d8c6a5e4-e235-4080-862c-a4e30f157cbd
4a0297cc-a829-405b-8999-ea9ec4687716	\N	5.30	1.00	446ce4ea-a411-4c60-a34f-19035f414011	d8c6a5e4-e235-4080-862c-a4e30f157cbd
0c66672f-d786-4c4c-aa0c-c113cab6ad59	\N	5.30	1.00	63deba56-41cd-4c85-b8bd-f66569c86c41	d8c6a5e4-e235-4080-862c-a4e30f157cbd
022a2297-58e4-4649-90ad-886a173247f5	\N	3.20	1.00	a126b498-f1e9-420a-88cb-72feaa9f435a	d8c6a5e4-e235-4080-862c-a4e30f157cbd
dda8c76c-5700-4760-9e45-a6f67ae61aa8	\N	5.30	1.00	eddaadb2-4670-41b4-a32c-a82a2ffca62e	d8c6a5e4-e235-4080-862c-a4e30f157cbd
c91588cf-bc24-4315-9ba4-2e78e1c4b6d1	\N	4.40	1.00	bc57c62f-334a-4893-a479-e70a36dfe950	d8c6a5e4-e235-4080-862c-a4e30f157cbd
2f5fc1ad-2b3a-4b8c-905c-216841f61cd8	\N	4.30	1.00	3970d91a-6a32-4e2d-95dc-06c7acd4dcec	d8c6a5e4-e235-4080-862c-a4e30f157cbd
7cbef537-b036-41ed-92b0-8ef97c4d28ad	\N	3.20	1.00	20658ccc-7bb0-4c80-ab80-a98572d91dd5	d8c6a5e4-e235-4080-862c-a4e30f157cbd
e8f81ac0-486e-41e1-b21d-6e78408efc1f	\N	4.40	1.00	8f5d8693-d4b9-4b91-83c9-68c31304aa57	ab3a12f3-fa1b-4628-98d7-0896eb82c9bf
d0e41a44-c50d-4958-bffb-5bebe496796e	\N	2.40	1.00	be2ac629-915f-4bc0-a035-40f2625a8acb	ab3a12f3-fa1b-4628-98d7-0896eb82c9bf
f2bce9cf-887a-4bda-8f94-c2d67743e5ae	\N	5.80	1.00	194cbf63-a169-445d-9e6c-665b41028653	ab3a12f3-fa1b-4628-98d7-0896eb82c9bf
ac2e1d06-064b-4ce5-8023-f3492c953dd5	\N	5.40	1.00	446ce4ea-a411-4c60-a34f-19035f414011	ab3a12f3-fa1b-4628-98d7-0896eb82c9bf
0a21c069-9460-401e-8af9-516c0a0aad93	\N	2.90	1.00	63deba56-41cd-4c85-b8bd-f66569c86c41	ab3a12f3-fa1b-4628-98d7-0896eb82c9bf
fbc6a658-2af9-43ec-8ce4-c31dd466f8fb	\N	1.70	1.00	a126b498-f1e9-420a-88cb-72feaa9f435a	ab3a12f3-fa1b-4628-98d7-0896eb82c9bf
fdc44a9d-67eb-411f-b40a-6efe3a287d90	\N	1.30	1.00	eddaadb2-4670-41b4-a32c-a82a2ffca62e	ab3a12f3-fa1b-4628-98d7-0896eb82c9bf
a1a369d1-3f22-482a-8c09-ba80cd65abd4	\N	4.30	1.00	bc57c62f-334a-4893-a479-e70a36dfe950	ab3a12f3-fa1b-4628-98d7-0896eb82c9bf
796c64de-d36c-49a8-bce6-fe91caf6f6fe	\N	4.10	1.00	3970d91a-6a32-4e2d-95dc-06c7acd4dcec	ab3a12f3-fa1b-4628-98d7-0896eb82c9bf
db70f175-9280-4cc5-aec4-77539c199efc	\N	4.10	1.00	20658ccc-7bb0-4c80-ab80-a98572d91dd5	ab3a12f3-fa1b-4628-98d7-0896eb82c9bf
89d3e83c-d2e5-4002-8062-560389f2bf00	\N	5.50	1.00	8f5d8693-d4b9-4b91-83c9-68c31304aa57	247106fd-18f0-4016-87d5-64c382264cd4
98fef4d5-505d-432c-a110-f10a1f0ded58	\N	5.70	1.00	be2ac629-915f-4bc0-a035-40f2625a8acb	247106fd-18f0-4016-87d5-64c382264cd4
68acff5f-4de8-4383-8b01-b601806f4471	\N	5.90	1.00	194cbf63-a169-445d-9e6c-665b41028653	247106fd-18f0-4016-87d5-64c382264cd4
19c80d1d-5392-4fdc-9c76-9a9c286751ac	\N	4.50	1.00	446ce4ea-a411-4c60-a34f-19035f414011	247106fd-18f0-4016-87d5-64c382264cd4
6db18dc8-2147-4d98-bb1f-bf6b4bb46b56	\N	2.30	1.00	63deba56-41cd-4c85-b8bd-f66569c86c41	247106fd-18f0-4016-87d5-64c382264cd4
23127756-15aa-4401-be01-5714b79334da	\N	5.00	1.00	a126b498-f1e9-420a-88cb-72feaa9f435a	247106fd-18f0-4016-87d5-64c382264cd4
40ee39ac-e4c7-41d9-9bfe-b03d6407c817	\N	5.30	1.00	eddaadb2-4670-41b4-a32c-a82a2ffca62e	247106fd-18f0-4016-87d5-64c382264cd4
e148b82b-0c20-4134-9822-925d9d6d0913	\N	5.90	1.00	bc57c62f-334a-4893-a479-e70a36dfe950	247106fd-18f0-4016-87d5-64c382264cd4
af6a2d92-a81e-42c5-aca7-ce97ccc14db5	\N	2.50	1.00	3970d91a-6a32-4e2d-95dc-06c7acd4dcec	247106fd-18f0-4016-87d5-64c382264cd4
2fa485b6-04bf-4b40-946a-0a2aa56bb985	\N	4.80	1.00	20658ccc-7bb0-4c80-ab80-a98572d91dd5	247106fd-18f0-4016-87d5-64c382264cd4
3b78c9cf-d911-4616-9a34-f4c28c71d808	\N	1.40	1.00	8f5d8693-d4b9-4b91-83c9-68c31304aa57	e347b369-72c0-462a-b886-2ee53cbfe50e
867687d4-e7d1-40ae-85ec-eafc3de92431	\N	1.20	1.00	be2ac629-915f-4bc0-a035-40f2625a8acb	e347b369-72c0-462a-b886-2ee53cbfe50e
46f413b7-ef35-4e0f-ac0c-6a9025053702	\N	6.00	1.00	194cbf63-a169-445d-9e6c-665b41028653	e347b369-72c0-462a-b886-2ee53cbfe50e
058221a0-7c77-4245-9cb1-b226a686f1f0	\N	5.80	1.00	446ce4ea-a411-4c60-a34f-19035f414011	e347b369-72c0-462a-b886-2ee53cbfe50e
7f3685bf-3463-47aa-8ef8-be44c8fd7528	\N	4.70	1.00	63deba56-41cd-4c85-b8bd-f66569c86c41	e347b369-72c0-462a-b886-2ee53cbfe50e
7d0de93b-99c7-45f6-8533-76892dd08d26	\N	4.70	1.00	a126b498-f1e9-420a-88cb-72feaa9f435a	e347b369-72c0-462a-b886-2ee53cbfe50e
7971fc0d-2de5-4151-bfeb-df72c65df162	\N	3.60	1.00	eddaadb2-4670-41b4-a32c-a82a2ffca62e	e347b369-72c0-462a-b886-2ee53cbfe50e
8f8cc8ba-c50d-4e71-9acb-f3bfa3cf8e73	\N	5.00	1.00	bc57c62f-334a-4893-a479-e70a36dfe950	e347b369-72c0-462a-b886-2ee53cbfe50e
8224b160-9914-482a-809b-50189f326188	\N	6.00	1.00	3970d91a-6a32-4e2d-95dc-06c7acd4dcec	e347b369-72c0-462a-b886-2ee53cbfe50e
59d3e30f-5b8d-46cb-8bbc-db930c7c9c63	\N	1.50	1.00	20658ccc-7bb0-4c80-ab80-a98572d91dd5	e347b369-72c0-462a-b886-2ee53cbfe50e
928acc47-4520-447e-928a-a1e7f397c5f5	\N	5.90	1.00	8f5d8693-d4b9-4b91-83c9-68c31304aa57	c24b0e44-2ef5-4d41-b34c-c2bb3762b8d5
b5f2596e-640a-489f-a33f-eddde6a05b8f	\N	4.30	1.00	be2ac629-915f-4bc0-a035-40f2625a8acb	c24b0e44-2ef5-4d41-b34c-c2bb3762b8d5
4f54c3c8-1575-4363-960a-0543267aa418	\N	4.10	1.00	194cbf63-a169-445d-9e6c-665b41028653	c24b0e44-2ef5-4d41-b34c-c2bb3762b8d5
2e43222c-38ea-4f73-a772-69d859653f5a	\N	2.90	1.00	446ce4ea-a411-4c60-a34f-19035f414011	c24b0e44-2ef5-4d41-b34c-c2bb3762b8d5
b3e296e7-4167-4c99-ba5b-f8ef4f3fd79e	\N	5.40	1.00	63deba56-41cd-4c85-b8bd-f66569c86c41	c24b0e44-2ef5-4d41-b34c-c2bb3762b8d5
8a706153-d730-4542-8ab5-ed4bcb932f54	\N	1.20	1.00	a126b498-f1e9-420a-88cb-72feaa9f435a	c24b0e44-2ef5-4d41-b34c-c2bb3762b8d5
d7371f06-30a7-48cc-a550-6b9e93ce78c9	\N	3.90	1.00	eddaadb2-4670-41b4-a32c-a82a2ffca62e	c24b0e44-2ef5-4d41-b34c-c2bb3762b8d5
fa7c2c45-0c9f-45d2-8320-6d5ba4155242	\N	4.00	1.00	bc57c62f-334a-4893-a479-e70a36dfe950	c24b0e44-2ef5-4d41-b34c-c2bb3762b8d5
28b957ca-23a8-4042-a9f6-1945f7b2924e	\N	4.50	1.00	3970d91a-6a32-4e2d-95dc-06c7acd4dcec	c24b0e44-2ef5-4d41-b34c-c2bb3762b8d5
a0375130-d7b9-4a73-96d0-d5017367878b	\N	5.90	1.00	20658ccc-7bb0-4c80-ab80-a98572d91dd5	c24b0e44-2ef5-4d41-b34c-c2bb3762b8d5
49efe2d8-0aa0-411b-8753-7ccd1d48a304	\N	5.10	1.00	8f5d8693-d4b9-4b91-83c9-68c31304aa57	cf883ad7-bb6a-4684-abdc-bf366551031b
62530e0f-ddfc-4233-8e09-40438d984bc5	\N	5.50	1.00	be2ac629-915f-4bc0-a035-40f2625a8acb	cf883ad7-bb6a-4684-abdc-bf366551031b
2fbcd867-930c-47aa-8aa7-2aa9293afc40	\N	5.30	1.00	194cbf63-a169-445d-9e6c-665b41028653	cf883ad7-bb6a-4684-abdc-bf366551031b
33a356c8-8cd5-4f33-9f1f-80f1f82c79ac	\N	4.50	1.00	446ce4ea-a411-4c60-a34f-19035f414011	cf883ad7-bb6a-4684-abdc-bf366551031b
e9ec5b4a-0503-4945-9d67-262c106946f3	\N	3.50	1.00	63deba56-41cd-4c85-b8bd-f66569c86c41	cf883ad7-bb6a-4684-abdc-bf366551031b
bea07de4-d412-4d58-9980-39b947295a0f	\N	5.00	1.00	a126b498-f1e9-420a-88cb-72feaa9f435a	cf883ad7-bb6a-4684-abdc-bf366551031b
0fe0f802-9df8-4629-8291-51c37235de8b	\N	2.00	1.00	eddaadb2-4670-41b4-a32c-a82a2ffca62e	cf883ad7-bb6a-4684-abdc-bf366551031b
2af13267-9901-496d-94cb-ac8117ae15ce	\N	5.00	1.00	bc57c62f-334a-4893-a479-e70a36dfe950	cf883ad7-bb6a-4684-abdc-bf366551031b
c9773a46-9173-4b49-ab92-2b10fe9516a7	\N	4.20	1.00	3970d91a-6a32-4e2d-95dc-06c7acd4dcec	cf883ad7-bb6a-4684-abdc-bf366551031b
788b5b23-256b-47be-a9d8-342031f8fc1a	\N	5.80	1.00	20658ccc-7bb0-4c80-ab80-a98572d91dd5	cf883ad7-bb6a-4684-abdc-bf366551031b
42c425a1-dd39-4998-ba06-138461081252	\N	3.70	1.00	8f5d8693-d4b9-4b91-83c9-68c31304aa57	1f197c56-69d3-4217-8072-ab06b5333162
57356f8f-4aa0-4829-aa7b-ae5222660ffa	\N	1.90	1.00	be2ac629-915f-4bc0-a035-40f2625a8acb	1f197c56-69d3-4217-8072-ab06b5333162
ca974ad6-c3ff-465a-b852-67dbd764b815	\N	4.20	1.00	194cbf63-a169-445d-9e6c-665b41028653	1f197c56-69d3-4217-8072-ab06b5333162
c2b75bb2-8e8d-41cb-806b-5fd59b86e57b	\N	5.90	1.00	446ce4ea-a411-4c60-a34f-19035f414011	1f197c56-69d3-4217-8072-ab06b5333162
d8740240-efac-485c-a274-fdd6049e5047	\N	1.30	1.00	63deba56-41cd-4c85-b8bd-f66569c86c41	1f197c56-69d3-4217-8072-ab06b5333162
388c2c05-e25e-42ed-9271-c255be0d6d8a	\N	5.60	1.00	a126b498-f1e9-420a-88cb-72feaa9f435a	1f197c56-69d3-4217-8072-ab06b5333162
51b8d982-bc9b-4cb3-b755-6f74912c8f70	\N	5.40	1.00	eddaadb2-4670-41b4-a32c-a82a2ffca62e	1f197c56-69d3-4217-8072-ab06b5333162
023311e1-5f76-4285-a5a5-22cbf28d22cb	\N	5.20	1.00	bc57c62f-334a-4893-a479-e70a36dfe950	1f197c56-69d3-4217-8072-ab06b5333162
16943acd-369a-4f55-825e-a3d5514f119a	\N	5.10	1.00	3970d91a-6a32-4e2d-95dc-06c7acd4dcec	1f197c56-69d3-4217-8072-ab06b5333162
66d45d89-e9d9-4b6f-92a3-2a8520848fdd	\N	1.30	1.00	20658ccc-7bb0-4c80-ab80-a98572d91dd5	1f197c56-69d3-4217-8072-ab06b5333162
8972129c-5ffa-4c5f-8a4d-ced77a7a662b	\N	4.40	1.00	8f5d8693-d4b9-4b91-83c9-68c31304aa57	23b4bd60-37b9-4251-a781-368288263b7b
a25340d7-6897-4f85-895a-86169cbe60cc	\N	2.80	1.00	be2ac629-915f-4bc0-a035-40f2625a8acb	23b4bd60-37b9-4251-a781-368288263b7b
5d568aea-552a-4c64-bba5-bf0831217850	\N	4.30	1.00	194cbf63-a169-445d-9e6c-665b41028653	23b4bd60-37b9-4251-a781-368288263b7b
6a6f8136-2797-4ff9-a1ee-09384084f049	\N	5.90	1.00	446ce4ea-a411-4c60-a34f-19035f414011	23b4bd60-37b9-4251-a781-368288263b7b
02b3bd47-ea7e-451c-829b-d7aa640b7305	\N	1.60	1.00	63deba56-41cd-4c85-b8bd-f66569c86c41	23b4bd60-37b9-4251-a781-368288263b7b
1ecce9af-0db5-41fa-aa5f-261314e83b39	\N	4.80	1.00	a126b498-f1e9-420a-88cb-72feaa9f435a	23b4bd60-37b9-4251-a781-368288263b7b
a62d0b48-943a-466d-bc6b-3924f3de5825	\N	5.30	1.00	eddaadb2-4670-41b4-a32c-a82a2ffca62e	23b4bd60-37b9-4251-a781-368288263b7b
3e193ebe-c17c-4e4f-9028-2e57ec426446	\N	4.50	1.00	bc57c62f-334a-4893-a479-e70a36dfe950	23b4bd60-37b9-4251-a781-368288263b7b
253955c5-c015-415f-97d5-ae8f2e200476	\N	5.70	1.00	3970d91a-6a32-4e2d-95dc-06c7acd4dcec	23b4bd60-37b9-4251-a781-368288263b7b
3458efc8-1c82-4866-a1da-42ecd10ff3c0	\N	4.50	1.00	20658ccc-7bb0-4c80-ab80-a98572d91dd5	23b4bd60-37b9-4251-a781-368288263b7b
a5015f3f-9628-475a-90c2-24d4823f9fb5	\N	1.40	1.00	8f5d8693-d4b9-4b91-83c9-68c31304aa57	bc14dec4-6ace-42f6-9563-76caa56bbc17
e180106f-ff7c-4987-be64-12d40d003368	\N	2.70	1.00	be2ac629-915f-4bc0-a035-40f2625a8acb	bc14dec4-6ace-42f6-9563-76caa56bbc17
d9d90064-8065-49dd-ad2e-587e42d1fcf2	\N	4.70	1.00	194cbf63-a169-445d-9e6c-665b41028653	bc14dec4-6ace-42f6-9563-76caa56bbc17
ae8014a8-54e1-45f5-9812-7ee0229605d3	\N	5.50	1.00	446ce4ea-a411-4c60-a34f-19035f414011	bc14dec4-6ace-42f6-9563-76caa56bbc17
f816a995-1c4d-4bf8-bd0c-a0ef17785ed8	\N	5.00	1.00	63deba56-41cd-4c85-b8bd-f66569c86c41	bc14dec4-6ace-42f6-9563-76caa56bbc17
b4f40376-db66-4e31-abb9-3f65db0cdfa1	\N	5.20	1.00	a126b498-f1e9-420a-88cb-72feaa9f435a	bc14dec4-6ace-42f6-9563-76caa56bbc17
4ec6e1eb-3c8d-4549-a1ad-86592d330e58	\N	5.60	1.00	eddaadb2-4670-41b4-a32c-a82a2ffca62e	bc14dec4-6ace-42f6-9563-76caa56bbc17
769016d7-245b-4c1f-950a-4bbba6fd00bc	\N	4.00	1.00	bc57c62f-334a-4893-a479-e70a36dfe950	bc14dec4-6ace-42f6-9563-76caa56bbc17
3c5b86fe-3584-42ab-97b6-63b6a6105da0	\N	5.50	1.00	3970d91a-6a32-4e2d-95dc-06c7acd4dcec	bc14dec4-6ace-42f6-9563-76caa56bbc17
d2351cb6-2d74-47cb-8e96-8acc96bccc9f	\N	4.20	1.00	20658ccc-7bb0-4c80-ab80-a98572d91dd5	bc14dec4-6ace-42f6-9563-76caa56bbc17
136a861a-243c-4a1f-bd75-8d2802cc66f2	\N	5.90	1.00	8f5d8693-d4b9-4b91-83c9-68c31304aa57	203b88ee-8b3f-4997-af9f-e08844d0f2f1
d3ee29cd-5dbc-4e3a-b2aa-1bdff7075180	\N	5.00	1.00	be2ac629-915f-4bc0-a035-40f2625a8acb	203b88ee-8b3f-4997-af9f-e08844d0f2f1
b281da0b-3f12-4c0b-82d5-a636570120a2	\N	5.40	1.00	194cbf63-a169-445d-9e6c-665b41028653	203b88ee-8b3f-4997-af9f-e08844d0f2f1
16163eb9-6547-4874-ae82-1918e2e8ec70	\N	5.60	1.00	446ce4ea-a411-4c60-a34f-19035f414011	203b88ee-8b3f-4997-af9f-e08844d0f2f1
ae187b7d-3580-4cb6-aeb8-0e3aa2daa638	\N	4.70	1.00	63deba56-41cd-4c85-b8bd-f66569c86c41	203b88ee-8b3f-4997-af9f-e08844d0f2f1
63df85d6-49b7-4a66-b793-82d143add2c2	\N	4.40	1.00	a126b498-f1e9-420a-88cb-72feaa9f435a	203b88ee-8b3f-4997-af9f-e08844d0f2f1
0b1e0456-ad6d-47cd-b81e-75ff7d63f8c1	\N	4.90	1.00	eddaadb2-4670-41b4-a32c-a82a2ffca62e	203b88ee-8b3f-4997-af9f-e08844d0f2f1
19b99fdf-a60a-4504-a96f-2b724893a2fc	\N	5.90	1.00	bc57c62f-334a-4893-a479-e70a36dfe950	203b88ee-8b3f-4997-af9f-e08844d0f2f1
727169ed-7630-4847-ac46-a3463f35c9d8	\N	1.90	1.00	3970d91a-6a32-4e2d-95dc-06c7acd4dcec	203b88ee-8b3f-4997-af9f-e08844d0f2f1
0a12cd93-4f66-4235-b307-1ed582bf7171	\N	5.60	1.00	20658ccc-7bb0-4c80-ab80-a98572d91dd5	203b88ee-8b3f-4997-af9f-e08844d0f2f1
7b5019d9-8b52-4270-ad59-8a9040319a14	\N	4.80	1.00	8f5d8693-d4b9-4b91-83c9-68c31304aa57	83568ad4-bf17-48e8-b5dc-57eee7fddc86
75d89ca6-2068-4bb1-b661-76a85763443c	\N	2.40	1.00	be2ac629-915f-4bc0-a035-40f2625a8acb	83568ad4-bf17-48e8-b5dc-57eee7fddc86
6810d4bb-1d51-47a7-8cd2-47400957eefc	\N	1.90	1.00	194cbf63-a169-445d-9e6c-665b41028653	83568ad4-bf17-48e8-b5dc-57eee7fddc86
11938605-29b6-42a5-8f0d-d9e95f312ae7	\N	5.50	1.00	446ce4ea-a411-4c60-a34f-19035f414011	83568ad4-bf17-48e8-b5dc-57eee7fddc86
0c991fef-eb5b-4488-89e2-5fab78900b33	\N	5.70	1.00	63deba56-41cd-4c85-b8bd-f66569c86c41	83568ad4-bf17-48e8-b5dc-57eee7fddc86
107b66f2-4514-4092-9c81-e0a8832e0f3b	\N	4.20	1.00	a126b498-f1e9-420a-88cb-72feaa9f435a	83568ad4-bf17-48e8-b5dc-57eee7fddc86
d561ee0e-f3f3-4261-ab2b-76c93d7edf2b	\N	4.40	1.00	eddaadb2-4670-41b4-a32c-a82a2ffca62e	83568ad4-bf17-48e8-b5dc-57eee7fddc86
728c6cb7-08da-4c1f-b44f-3e656586cad9	\N	4.90	1.00	bc57c62f-334a-4893-a479-e70a36dfe950	83568ad4-bf17-48e8-b5dc-57eee7fddc86
701cbacb-b804-47a7-a0d0-a51c92e30ea3	\N	4.90	1.00	3970d91a-6a32-4e2d-95dc-06c7acd4dcec	83568ad4-bf17-48e8-b5dc-57eee7fddc86
af34ca1e-1828-440a-85d3-790739657e97	\N	4.40	1.00	20658ccc-7bb0-4c80-ab80-a98572d91dd5	83568ad4-bf17-48e8-b5dc-57eee7fddc86
40c13ab9-a18c-4c80-ac02-9c46ab837385	\N	5.60	1.00	8f5d8693-d4b9-4b91-83c9-68c31304aa57	20cf1fa3-b60e-42e7-8fa3-6ec84598637f
aba68247-0a6d-4fc0-8781-a557317f0f46	\N	4.60	1.00	be2ac629-915f-4bc0-a035-40f2625a8acb	20cf1fa3-b60e-42e7-8fa3-6ec84598637f
0beb0db0-0683-4d52-9987-71fce79a0d56	\N	1.50	1.00	194cbf63-a169-445d-9e6c-665b41028653	20cf1fa3-b60e-42e7-8fa3-6ec84598637f
b5504cf3-6718-4034-b78f-14765085fa42	\N	4.30	1.00	446ce4ea-a411-4c60-a34f-19035f414011	20cf1fa3-b60e-42e7-8fa3-6ec84598637f
75bfa7c5-e165-4556-9073-3a92426f5710	\N	4.70	1.00	63deba56-41cd-4c85-b8bd-f66569c86c41	20cf1fa3-b60e-42e7-8fa3-6ec84598637f
812c3d08-4e77-43c7-8a9f-ebabee63a26d	\N	3.30	1.00	a126b498-f1e9-420a-88cb-72feaa9f435a	20cf1fa3-b60e-42e7-8fa3-6ec84598637f
488322d3-2ea5-4db8-827c-82860d2fed26	\N	5.20	1.00	eddaadb2-4670-41b4-a32c-a82a2ffca62e	20cf1fa3-b60e-42e7-8fa3-6ec84598637f
2ae32aeb-e4c5-4453-8aa4-de3310d10c85	\N	5.90	1.00	bc57c62f-334a-4893-a479-e70a36dfe950	20cf1fa3-b60e-42e7-8fa3-6ec84598637f
35e7689e-fa08-4f49-8acb-c4915b1296b1	\N	4.70	1.00	3970d91a-6a32-4e2d-95dc-06c7acd4dcec	20cf1fa3-b60e-42e7-8fa3-6ec84598637f
666c1083-8ded-4405-915b-8dfe2c38e617	\N	4.30	1.00	20658ccc-7bb0-4c80-ab80-a98572d91dd5	20cf1fa3-b60e-42e7-8fa3-6ec84598637f
575d1c87-b03f-4f27-86c8-c118e7871014	\N	4.00	1.00	8f5d8693-d4b9-4b91-83c9-68c31304aa57	ea20f603-0299-4720-885c-81ac3fbf9fc7
50366514-c3a9-4267-a378-ae535a5fa028	\N	4.70	1.00	be2ac629-915f-4bc0-a035-40f2625a8acb	ea20f603-0299-4720-885c-81ac3fbf9fc7
f39ebe05-5e93-45c6-8d11-c66876f53256	\N	5.90	1.00	194cbf63-a169-445d-9e6c-665b41028653	ea20f603-0299-4720-885c-81ac3fbf9fc7
f9e3817f-d1be-4506-af42-94c8631d3d83	\N	5.10	1.00	446ce4ea-a411-4c60-a34f-19035f414011	ea20f603-0299-4720-885c-81ac3fbf9fc7
5478dd0c-03f0-4fe0-b646-efab43d14f9d	\N	2.80	1.00	63deba56-41cd-4c85-b8bd-f66569c86c41	ea20f603-0299-4720-885c-81ac3fbf9fc7
3028a6c4-78e2-4c10-bf4d-f82d2dec66bf	\N	5.60	1.00	a126b498-f1e9-420a-88cb-72feaa9f435a	ea20f603-0299-4720-885c-81ac3fbf9fc7
2e4d232e-d6fc-4f1c-8bf5-8232c8fcb7a0	\N	4.60	1.00	eddaadb2-4670-41b4-a32c-a82a2ffca62e	ea20f603-0299-4720-885c-81ac3fbf9fc7
5273e781-38cb-4b86-9dbe-eff4459644f2	\N	2.30	1.00	bc57c62f-334a-4893-a479-e70a36dfe950	ea20f603-0299-4720-885c-81ac3fbf9fc7
cf220821-a81a-4e1f-b77b-0e96eed5a86d	\N	1.70	1.00	3970d91a-6a32-4e2d-95dc-06c7acd4dcec	ea20f603-0299-4720-885c-81ac3fbf9fc7
d1a3594a-cc4d-43f9-82d1-ce77db695b4a	\N	5.00	1.00	20658ccc-7bb0-4c80-ab80-a98572d91dd5	ea20f603-0299-4720-885c-81ac3fbf9fc7
11609f9a-1dc0-469b-a6a8-4b82bf3e8698	\N	5.70	1.00	430bf6e9-746f-4878-b637-0607f95615ba	\N
3a2dfdb6-f2c2-4ba2-b134-fd38e4051bb4	\N	4.20	1.00	430bf6e9-746f-4878-b637-0607f95615ba	\N
\.


--
-- TOC entry 3078 (class 0 OID 34122)
-- Dependencies: 203
-- Data for Name: semester_subjects; Type: TABLE DATA; Schema: public; Owner: postgres
--

COPY public.semester_subjects (id, semester_id, subject_id) FROM stdin;
51807dae-58ed-451f-8f01-44a35e46452e	5bb7397c-bc58-4753-bfbe-e75a28424d02	18bb0f09-6f55-43a9-b304-13825ecea94b
d0db3833-0785-4412-972d-4099374f908f	5bb7397c-bc58-4753-bfbe-e75a28424d02	952fe7fe-c9dd-4305-bf9a-6d055c312908
4f06be2d-922a-46e4-bc43-b33220bbad11	5bb7397c-bc58-4753-bfbe-e75a28424d02	0be08049-388e-418c-a3f3-80c48ae70083
e1377487-3e9d-4034-8eff-78d112e5f1b7	5bb7397c-bc58-4753-bfbe-e75a28424d02	d284742b-54b4-47ab-99f2-5d76a6d4eff5
120118f9-0da0-4fa3-a3d6-355fe18c1ab9	060844a9-4fe0-42bf-ba23-464250ad98b9	18bb0f09-6f55-43a9-b304-13825ecea94b
4f1d81cd-949c-4de3-86e2-c887ee20b29c	060844a9-4fe0-42bf-ba23-464250ad98b9	952fe7fe-c9dd-4305-bf9a-6d055c312908
f622816c-bbd6-4888-89aa-9e4df3afd518	060844a9-4fe0-42bf-ba23-464250ad98b9	0be08049-388e-418c-a3f3-80c48ae70083
f0a84512-508a-4c6d-9261-6b4e5d5e3e12	060844a9-4fe0-42bf-ba23-464250ad98b9	d284742b-54b4-47ab-99f2-5d76a6d4eff5
0b176786-adbe-4073-96cb-6168e0a7086b	c1a44831-27ec-4c1f-8dd7-534df8e9625b	18bb0f09-6f55-43a9-b304-13825ecea94b
3f93f1bd-323c-4133-9df9-d1c15be3836b	c1a44831-27ec-4c1f-8dd7-534df8e9625b	952fe7fe-c9dd-4305-bf9a-6d055c312908
dea27494-0e1e-4ec6-95b7-31fe36ca0664	c1a44831-27ec-4c1f-8dd7-534df8e9625b	0be08049-388e-418c-a3f3-80c48ae70083
21915873-2910-4769-9ebd-4dc864092694	c1a44831-27ec-4c1f-8dd7-534df8e9625b	d284742b-54b4-47ab-99f2-5d76a6d4eff5
8769caa4-00d4-47f3-bd96-8d1fc01c6dd4	ce7db7b0-f3e3-4ff4-9379-7f9b44174a0f	18bb0f09-6f55-43a9-b304-13825ecea94b
657303d4-29d5-4f64-91ba-61b2e12ef219	ce7db7b0-f3e3-4ff4-9379-7f9b44174a0f	952fe7fe-c9dd-4305-bf9a-6d055c312908
9fd6c43b-347e-4ee0-b0c5-bd456f819fec	ce7db7b0-f3e3-4ff4-9379-7f9b44174a0f	0be08049-388e-418c-a3f3-80c48ae70083
273b6a3c-919d-4e53-99a5-7d9901b32e11	ce7db7b0-f3e3-4ff4-9379-7f9b44174a0f	d284742b-54b4-47ab-99f2-5d76a6d4eff5
\.


--
-- TOC entry 3079 (class 0 OID 34127)
-- Dependencies: 204
-- Data for Name: semesters; Type: TABLE DATA; Schema: public; Owner: postgres
--

COPY public.semesters (id, end_date, name, start_date) FROM stdin;
5bb7397c-bc58-4753-bfbe-e75a28424d02	2025-03-31	SEM-1-2025	2025-01-01
060844a9-4fe0-42bf-ba23-464250ad98b9	2025-06-30	SEM-2-2025	2025-04-01
c1a44831-27ec-4c1f-8dd7-534df8e9625b	2025-09-30	SEM-3-2025	2025-07-01
ce7db7b0-f3e3-4ff4-9379-7f9b44174a0f	2025-12-31	SEM-4-2025	2025-10-01
\.


--
-- TOC entry 3080 (class 0 OID 34132)
-- Dependencies: 205
-- Data for Name: subjects; Type: TABLE DATA; Schema: public; Owner: postgres
--

COPY public.subjects (id, name) FROM stdin;
18bb0f09-6f55-43a9-b304-13825ecea94b	Mathematics
952fe7fe-c9dd-4305-bf9a-6d055c312908	Physics
0be08049-388e-418c-a3f3-80c48ae70083	Chemistry
d284742b-54b4-47ab-99f2-5d76a6d4eff5	Biology
\.


--
-- TOC entry 3081 (class 0 OID 34137)
-- Dependencies: 206
-- Data for Name: tests; Type: TABLE DATA; Schema: public; Owner: postgres
--

COPY public.tests (id, comment, date, name, class_id, semester_subject_id) FROM stdin;
49f771ac-39f7-4830-83e3-6aeb846badb8	\N	2025-01-09	Test 1	c608bdf1-657f-4cd7-afa8-fab2e7f57a38	51807dae-58ed-451f-8f01-44a35e46452e
8d7ccfd5-da04-4df4-ae4a-dbc67a7f75a2	\N	2025-03-04	Test 2	c608bdf1-657f-4cd7-afa8-fab2e7f57a38	51807dae-58ed-451f-8f01-44a35e46452e
733ac3eb-1e5a-4fc7-84f9-28bbde05ef67	\N	2025-01-19	Test 1	9524775b-bb99-428e-8ebb-ea453eafca77	d0db3833-0785-4412-972d-4099374f908f
dcbc1c52-c58e-420b-bffe-cb8f8eeda38a	\N	2025-03-02	Test 2	9524775b-bb99-428e-8ebb-ea453eafca77	d0db3833-0785-4412-972d-4099374f908f
8b349e56-3129-4288-acc0-1bbc33265ce8	\N	2025-02-25	Test 1	23b64656-8da3-4bb1-8e70-f0ea4e67016c	4f06be2d-922a-46e4-bc43-b33220bbad11
43ad0ee7-c9f1-4322-bda5-c20642c4ed3a	\N	2025-02-27	Test 2	23b64656-8da3-4bb1-8e70-f0ea4e67016c	4f06be2d-922a-46e4-bc43-b33220bbad11
c5e03b67-b5da-449f-b3cd-f875f0407202	\N	2025-02-08	Test 1	698f597e-46fb-43b9-a878-f1a8989e1650	e1377487-3e9d-4034-8eff-78d112e5f1b7
fea2cb11-7c4a-4c47-baf4-85f349462fa0	\N	2025-03-16	Test 2	698f597e-46fb-43b9-a878-f1a8989e1650	e1377487-3e9d-4034-8eff-78d112e5f1b7
fa88b2c8-d51f-43ca-83ab-352fde05f681	\N	2025-06-21	Test 1	4f331a5c-d76e-467f-bb9c-46ae8480cbab	120118f9-0da0-4fa3-a3d6-355fe18c1ab9
feb73bcb-8c42-478d-a3a5-476db9dc4235	\N	2025-04-21	Test 2	4f331a5c-d76e-467f-bb9c-46ae8480cbab	120118f9-0da0-4fa3-a3d6-355fe18c1ab9
ce1cc8a8-e8fb-4f9f-a81f-fc7b6c84b62f	\N	2025-06-20	Test 1	504d5406-e8bb-4bc8-9b8c-e53fd4d7f86c	4f1d81cd-949c-4de3-86e2-c887ee20b29c
92e52dc1-7131-4d70-bd5b-72956b9b5461	\N	2025-06-19	Test 2	504d5406-e8bb-4bc8-9b8c-e53fd4d7f86c	4f1d81cd-949c-4de3-86e2-c887ee20b29c
0bdab118-fbcd-488b-932c-d077dc1a76dc	\N	2025-04-24	Test 1	ced20d8b-ea34-4d77-b6d7-2c4c0f5184a4	f622816c-bbd6-4888-89aa-9e4df3afd518
18cb3eb8-1b08-46b4-8932-1b250c1da986	\N	2025-05-23	Test 2	ced20d8b-ea34-4d77-b6d7-2c4c0f5184a4	f622816c-bbd6-4888-89aa-9e4df3afd518
7a438f71-c0b6-4ef1-9629-24423b03bcb9	\N	2025-05-14	Test 1	5885c83b-5a85-4d13-96aa-944ae68773af	f0a84512-508a-4c6d-9261-6b4e5d5e3e12
3b449132-3276-4dd4-ba69-0d7efb7992ac	\N	2025-06-04	Test 2	5885c83b-5a85-4d13-96aa-944ae68773af	f0a84512-508a-4c6d-9261-6b4e5d5e3e12
7afd247b-c716-494e-ba3c-748c52f099fa	\N	2025-09-20	Test 1	04b4247c-e7e2-44ec-a40c-9d8a61204cff	0b176786-adbe-4073-96cb-6168e0a7086b
d55faa5c-d840-4cc4-a8d8-d5ed7bd16f13	\N	2025-08-05	Test 2	04b4247c-e7e2-44ec-a40c-9d8a61204cff	0b176786-adbe-4073-96cb-6168e0a7086b
45700e41-1616-4723-a91d-1c155e8fbf70	\N	2025-07-23	Test 1	3d285f76-4c32-45d1-b6e9-9b9dabf7fa40	3f93f1bd-323c-4133-9df9-d1c15be3836b
d8c6a5e4-e235-4080-862c-a4e30f157cbd	\N	2025-07-08	Test 2	3d285f76-4c32-45d1-b6e9-9b9dabf7fa40	3f93f1bd-323c-4133-9df9-d1c15be3836b
ab3a12f3-fa1b-4628-98d7-0896eb82c9bf	\N	2025-09-23	Test 1	75cc3bf3-f8df-4b49-9e6e-6b36cc0804f2	dea27494-0e1e-4ec6-95b7-31fe36ca0664
247106fd-18f0-4016-87d5-64c382264cd4	\N	2025-08-06	Test 2	75cc3bf3-f8df-4b49-9e6e-6b36cc0804f2	dea27494-0e1e-4ec6-95b7-31fe36ca0664
e347b369-72c0-462a-b886-2ee53cbfe50e	\N	2025-07-08	Test 1	02c03c92-e908-4cd4-8d2e-1969b261c35f	21915873-2910-4769-9ebd-4dc864092694
c24b0e44-2ef5-4d41-b34c-c2bb3762b8d5	\N	2025-07-18	Test 2	02c03c92-e908-4cd4-8d2e-1969b261c35f	21915873-2910-4769-9ebd-4dc864092694
cf883ad7-bb6a-4684-abdc-bf366551031b	\N	2025-10-25	Test 1	dd227927-7d48-412b-a0e9-fd57aca83238	8769caa4-00d4-47f3-bd96-8d1fc01c6dd4
1f197c56-69d3-4217-8072-ab06b5333162	\N	2025-12-21	Test 2	dd227927-7d48-412b-a0e9-fd57aca83238	8769caa4-00d4-47f3-bd96-8d1fc01c6dd4
23b4bd60-37b9-4251-a781-368288263b7b	\N	2025-10-27	Test 1	c918ebbc-2a8f-4524-9280-11d7719276d2	657303d4-29d5-4f64-91ba-61b2e12ef219
bc14dec4-6ace-42f6-9563-76caa56bbc17	\N	2025-11-11	Test 2	c918ebbc-2a8f-4524-9280-11d7719276d2	657303d4-29d5-4f64-91ba-61b2e12ef219
203b88ee-8b3f-4997-af9f-e08844d0f2f1	\N	2025-12-26	Test 1	60e3b1f5-e1cf-43a8-bb98-e42b22b65604	9fd6c43b-347e-4ee0-b0c5-bd456f819fec
83568ad4-bf17-48e8-b5dc-57eee7fddc86	\N	2025-11-26	Test 2	60e3b1f5-e1cf-43a8-bb98-e42b22b65604	9fd6c43b-347e-4ee0-b0c5-bd456f819fec
20cf1fa3-b60e-42e7-8fa3-6ec84598637f	\N	2025-10-31	Test 1	67a999a8-c7ac-40a1-979d-2078e3c30250	273b6a3c-919d-4e53-99a5-7d9901b32e11
ea20f603-0299-4720-885c-81ac3fbf9fc7	\N	2025-12-16	Test 2	67a999a8-c7ac-40a1-979d-2078e3c30250	273b6a3c-919d-4e53-99a5-7d9901b32e11
\.


--
-- TOC entry 3082 (class 0 OID 34145)
-- Dependencies: 207
-- Data for Name: user_roles; Type: TABLE DATA; Schema: public; Owner: postgres
--

COPY public.user_roles (user_id, role) FROM stdin;
843af1a3-f1f9-4c97-ad98-45299081f386	ROLE_ADMIN
8f5d8693-d4b9-4b91-83c9-68c31304aa57	ROLE_USER
be2ac629-915f-4bc0-a035-40f2625a8acb	ROLE_USER
194cbf63-a169-445d-9e6c-665b41028653	ROLE_USER
446ce4ea-a411-4c60-a34f-19035f414011	ROLE_USER
63deba56-41cd-4c85-b8bd-f66569c86c41	ROLE_USER
a126b498-f1e9-420a-88cb-72feaa9f435a	ROLE_USER
eddaadb2-4670-41b4-a32c-a82a2ffca62e	ROLE_USER
bc57c62f-334a-4893-a479-e70a36dfe950	ROLE_USER
3970d91a-6a32-4e2d-95dc-06c7acd4dcec	ROLE_USER
20658ccc-7bb0-4c80-ab80-a98572d91dd5	ROLE_USER
430bf6e9-746f-4878-b637-0607f95615ba	ROLE_USER
\.


--
-- TOC entry 3083 (class 0 OID 34148)
-- Dependencies: 208
-- Data for Name: users; Type: TABLE DATA; Schema: public; Owner: postgres
--

COPY public.users (id, active, created_at, date_of_birth, email, first_name, last_name, password, updated_at, username) FROM stdin;
843af1a3-f1f9-4c97-ad98-45299081f386	t	2025-09-07 19:37:23.602744	\N	\N	\N	\N	$2a$10$d5IGxctVM71FNewGnvbO8OWSKqVIP645GEKqw5qrkVzItP1Y52Rr2	2025-09-07 19:37:23.72291	admin
8f5d8693-d4b9-4b91-83c9-68c31304aa57	t	2025-09-07 19:37:38.694691	2008-01-21	user1@example.com	Liam	Mller	$2a$10$3F4KqJlKoeHtSUgjAYrjauobLAe1r.28njuvj6Ohoy2Gs.rmiUvA.	2025-09-07 19:37:38.697206	user1
be2ac629-915f-4bc0-a035-40f2625a8acb	t	2025-09-07 19:37:38.761462	2002-10-18	user2@example.com	Emma	Meier	$2a$10$N8aBsyrCK1YbfclqsINPsO1jmqp9mWzBb220lrpHKV1Sj9o3Z9IKK	2025-09-07 19:37:38.763466	user2
194cbf63-a169-445d-9e6c-665b41028653	t	2025-09-07 19:37:38.83006	2003-01-27	user3@example.com	Noah	Schneider	$2a$10$PrAykLeD7Kmq8IAIBXwaaeWFoovaubY/Xb0mL170Pe0Xy3JbVUUBO	2025-09-07 19:37:38.831559	user3
446ce4ea-a411-4c60-a34f-19035f414011	t	2025-09-07 19:37:38.897169	2003-10-29	user4@example.com	Olivia	Fischer	$2a$10$9TlH38HHSJsyKiNc0LjX6ewFyD0rTSigHM3bT9tAam40YZ1AD9Mwi	2025-09-07 19:37:38.899167	user4
63deba56-41cd-4c85-b8bd-f66569c86c41	t	2025-09-07 19:37:38.963531	2007-04-19	user5@example.com	Ava	Weber	$2a$10$1M/o1izrc/tMg4ceZDcmGuZakuU2uXl2pao/TNT1.Dof5Cw5BIu1a	2025-09-07 19:37:38.965032	user5
a126b498-f1e9-420a-88cb-72feaa9f435a	t	2025-09-07 19:37:39.032511	2003-03-11	user6@example.com	Mia	Huber	$2a$10$JTdaUY25.yHBR7zWgtvOWOZDRnZFSaKeK2YPUY8.phk.dbwq.V4/q	2025-09-07 19:37:39.034511	user6
eddaadb2-4670-41b4-a32c-a82a2ffca62e	t	2025-09-07 19:37:39.102544	2004-10-24	user7@example.com	Sophia	Keller	$2a$10$LaLKlLX2vhKI95mJsh6Z/elQU4TCDUf9egQA9cqIa.N2ZllHzPrPO	2025-09-07 19:37:39.104552	user7
bc57c62f-334a-4893-a479-e70a36dfe950	t	2025-09-07 19:37:39.169444	2006-03-06	user8@example.com	Lucas	Wagner	$2a$10$7P2obUqiYRCda3mcwp5Rn.acWq4.hPtGESL0AuDnZZ6EsoGHB1JxS	2025-09-07 19:37:39.171444	user8
3970d91a-6a32-4e2d-95dc-06c7acd4dcec	t	2025-09-07 19:37:39.236094	2003-12-27	user9@example.com	Amelia	Steiner	$2a$10$dGZBb.ekVJwZzpCbqPJyIOaRJDAEJFGZGQFOxvzQPXsHp6RlNV4I2	2025-09-07 19:37:39.237593	user9
20658ccc-7bb0-4c80-ab80-a98572d91dd5	t	2025-09-07 19:37:39.302577	2008-06-24	user10@example.com	Ethan	Koch	$2a$10$sVXI1ZkWl.5WJW97SflW3OtteGvrHnLdqOxx26OeJYiya6p0KpQsi	2025-09-07 19:37:39.309088	user10
430bf6e9-746f-4878-b637-0607f95615ba	t	2025-09-07 19:37:40.479635	2004-05-12	user-no-tests@example.com	Alex	Schmidt	$2a$10$2HxE4WYHGK06rG6abtQnV.wfNQXnP7hM5ljX7P7TXSNGlO6OftKIu	2025-09-07 19:37:40.481136	user-no-tests
\.


--
-- TOC entry 2914 (class 2606 OID 34116)
-- Name: classes classes_pkey; Type: CONSTRAINT; Schema: public; Owner: postgres
--

ALTER TABLE ONLY public.classes
    ADD CONSTRAINT classes_pkey PRIMARY KEY (id);


--
-- TOC entry 2911 (class 2606 OID 34110)
-- Name: flyway_schema_history flyway_schema_history_pk; Type: CONSTRAINT; Schema: public; Owner: postgres
--

ALTER TABLE ONLY public.flyway_schema_history
    ADD CONSTRAINT flyway_schema_history_pk PRIMARY KEY (installed_rank);


--
-- TOC entry 2916 (class 2606 OID 34121)
-- Name: grades grades_pkey; Type: CONSTRAINT; Schema: public; Owner: postgres
--

ALTER TABLE ONLY public.grades
    ADD CONSTRAINT grades_pkey PRIMARY KEY (id);


--
-- TOC entry 2918 (class 2606 OID 34126)
-- Name: semester_subjects semester_subjects_pkey; Type: CONSTRAINT; Schema: public; Owner: postgres
--

ALTER TABLE ONLY public.semester_subjects
    ADD CONSTRAINT semester_subjects_pkey PRIMARY KEY (id);


--
-- TOC entry 2922 (class 2606 OID 34131)
-- Name: semesters semesters_pkey; Type: CONSTRAINT; Schema: public; Owner: postgres
--

ALTER TABLE ONLY public.semesters
    ADD CONSTRAINT semesters_pkey PRIMARY KEY (id);


--
-- TOC entry 2926 (class 2606 OID 34136)
-- Name: subjects subjects_pkey; Type: CONSTRAINT; Schema: public; Owner: postgres
--

ALTER TABLE ONLY public.subjects
    ADD CONSTRAINT subjects_pkey PRIMARY KEY (id);


--
-- TOC entry 2930 (class 2606 OID 34144)
-- Name: tests tests_pkey; Type: CONSTRAINT; Schema: public; Owner: postgres
--

ALTER TABLE ONLY public.tests
    ADD CONSTRAINT tests_pkey PRIMARY KEY (id);


--
-- TOC entry 2932 (class 2606 OID 34163)
-- Name: users uk_6dotkott2kjsp8vw4d0m25fb7; Type: CONSTRAINT; Schema: public; Owner: postgres
--

ALTER TABLE ONLY public.users
    ADD CONSTRAINT uk_6dotkott2kjsp8vw4d0m25fb7 UNIQUE (email);


--
-- TOC entry 2928 (class 2606 OID 34161)
-- Name: subjects uk_aodt3utnw0lsov4k9ta88dbpr; Type: CONSTRAINT; Schema: public; Owner: postgres
--

ALTER TABLE ONLY public.subjects
    ADD CONSTRAINT uk_aodt3utnw0lsov4k9ta88dbpr UNIQUE (name);


--
-- TOC entry 2924 (class 2606 OID 34159)
-- Name: semesters uk_ci1s5s8npb7j044md3s0wdhsh; Type: CONSTRAINT; Schema: public; Owner: postgres
--

ALTER TABLE ONLY public.semesters
    ADD CONSTRAINT uk_ci1s5s8npb7j044md3s0wdhsh UNIQUE (name);


--
-- TOC entry 2934 (class 2606 OID 34165)
-- Name: users uk_r43af9ap4edm43mmtq01oddj6; Type: CONSTRAINT; Schema: public; Owner: postgres
--

ALTER TABLE ONLY public.users
    ADD CONSTRAINT uk_r43af9ap4edm43mmtq01oddj6 UNIQUE (username);


--
-- TOC entry 2920 (class 2606 OID 34157)
-- Name: semester_subjects ukc547nh8l37tcmsjdrtagtb0rl; Type: CONSTRAINT; Schema: public; Owner: postgres
--

ALTER TABLE ONLY public.semester_subjects
    ADD CONSTRAINT ukc547nh8l37tcmsjdrtagtb0rl UNIQUE (semester_id, subject_id);


--
-- TOC entry 2936 (class 2606 OID 34155)
-- Name: users users_pkey; Type: CONSTRAINT; Schema: public; Owner: postgres
--

ALTER TABLE ONLY public.users
    ADD CONSTRAINT users_pkey PRIMARY KEY (id);


--
-- TOC entry 2912 (class 1259 OID 34111)
-- Name: flyway_schema_history_s_idx; Type: INDEX; Schema: public; Owner: postgres
--

CREATE INDEX flyway_schema_history_s_idx ON public.flyway_schema_history USING btree (success);


--
-- TOC entry 2938 (class 2606 OID 34171)
-- Name: grades fk2udi8qqpoqmopyp47iy76jeq6; Type: FK CONSTRAINT; Schema: public; Owner: postgres
--

ALTER TABLE ONLY public.grades
    ADD CONSTRAINT fk2udi8qqpoqmopyp47iy76jeq6 FOREIGN KEY (student_id) REFERENCES public.users(id);


--
-- TOC entry 2941 (class 2606 OID 34186)
-- Name: semester_subjects fk3bmk5k5db3vdmsdscd7rtj3g8; Type: FK CONSTRAINT; Schema: public; Owner: postgres
--

ALTER TABLE ONLY public.semester_subjects
    ADD CONSTRAINT fk3bmk5k5db3vdmsdscd7rtj3g8 FOREIGN KEY (subject_id) REFERENCES public.subjects(id);


--
-- TOC entry 2942 (class 2606 OID 34191)
-- Name: tests fkc2xm9sb3bnle73gvvr5pwhnms; Type: FK CONSTRAINT; Schema: public; Owner: postgres
--

ALTER TABLE ONLY public.tests
    ADD CONSTRAINT fkc2xm9sb3bnle73gvvr5pwhnms FOREIGN KEY (class_id) REFERENCES public.classes(id);


--
-- TOC entry 2939 (class 2606 OID 34176)
-- Name: grades fkdt8vl03iq6po3f5snur6l5cvs; Type: FK CONSTRAINT; Schema: public; Owner: postgres
--

ALTER TABLE ONLY public.grades
    ADD CONSTRAINT fkdt8vl03iq6po3f5snur6l5cvs FOREIGN KEY (test_id) REFERENCES public.tests(id);


--
-- TOC entry 2944 (class 2606 OID 34201)
-- Name: user_roles fkhfh9dx7w3ubf1co1vdev94g3f; Type: FK CONSTRAINT; Schema: public; Owner: postgres
--

ALTER TABLE ONLY public.user_roles
    ADD CONSTRAINT fkhfh9dx7w3ubf1co1vdev94g3f FOREIGN KEY (user_id) REFERENCES public.users(id);


--
-- TOC entry 2937 (class 2606 OID 34166)
-- Name: classes fkigenspuohypmjma7y99qa38qg; Type: FK CONSTRAINT; Schema: public; Owner: postgres
--

ALTER TABLE ONLY public.classes
    ADD CONSTRAINT fkigenspuohypmjma7y99qa38qg FOREIGN KEY (semester_subject_id) REFERENCES public.semester_subjects(id);


--
-- TOC entry 2943 (class 2606 OID 34196)
-- Name: tests fkkuuk24xil58od8t6f8g94ngtd; Type: FK CONSTRAINT; Schema: public; Owner: postgres
--

ALTER TABLE ONLY public.tests
    ADD CONSTRAINT fkkuuk24xil58od8t6f8g94ngtd FOREIGN KEY (semester_subject_id) REFERENCES public.semester_subjects(id);


--
-- TOC entry 2940 (class 2606 OID 34181)
-- Name: semester_subjects fktnt05hsq5hx7laf8pbvrjf70v; Type: FK CONSTRAINT; Schema: public; Owner: postgres
--

ALTER TABLE ONLY public.semester_subjects
    ADD CONSTRAINT fktnt05hsq5hx7laf8pbvrjf70v FOREIGN KEY (semester_id) REFERENCES public.semesters(id);


-- Completed on 2025-09-07 18:18:15 UTC

--
-- PostgreSQL database dump complete
--

